2026-08-28T23:06:49 COORD soft last 11 PF 0.59<1.10 (1.00=neutral 1.10=+1×cost); prev PF 0.59<0.94 (cost-scale) intern={'indications': True, 'general': False}
2026-08-28T23:07:34 COORD soft last 11 PF 0.59<1.10 (1.00=neutral 1.10=+1×cost); prev PF 0.59<0.94 (cost-scale) intern={'indications': True, 'general': False}
2026-08-28T23:08:19 COORD soft last 11 PF 0.59<1.10 (1.00=neutral 1.10=+1×cost); prev PF 0.59<0.94 (cost-scale) intern={'indications': True, 'general': False}
2026-08-28T23:09:04 COORD soft last 11 PF 0.59<1.10 (1.00=neutral 1.10=+1×cost); prev PF 0.59<0.94 (cost-scale) intern={'indications': True, 'general': False}
2026-08-28T23:09:49 COORD soft last 11 PF 0.59<1.10 (1.00=neutral 1.10=+1×cost); prev PF 0.59<0.94 (cost-scale) intern={'indications': True, 'general': True}
2026-08-28T23:10:34 COORD soft last 11 PF 0.59<1.10 (1.00=neutral 1.10=+1×cost); prev PF 0.59<0.94 (cost-scale) intern={'indications': True, 'general': False}
2026-08-28T23:11:19 COORD soft last 11 PF 0.59<1.10 (1.00=neutral 1.10=+1×cost); prev PF 0.59<0.94 (cost-scale) intern={'indications': True, 'general': False}
2026-08-28T23:12:04 COORD soft last 11 PF 0.59<1.10 (1.00=neutral 1.10=+1×cost); prev PF 0.59<0.94 (cost-scale) intern={'indications': True, 'general': False}
2026-08-28T23:12:49 COORD soft last 11 PF 0.59<1.10 (1.00=neutral 1.10=+1×cost); prev PF 0.59<0.94 (cost-scale) intern={'indications': True, 'general': False}
2026-08-28T23:13:35 COORD soft last 11 PF 0.59<1.10 (1.00=neutral 1.10=+1×cost); prev PF 0.59<0.94 (cost-scale) intern={'indications': True, 'general': True}
2026-08-28T23:14:20 COORD soft last 11 PF 0.59<1.10 (1.00=neutral 1.10=+1×cost); prev PF 0.59<0.94 (cost-scale) intern={'indications': True, 'general': False}
2026-08-28T23:15:05 COORD soft last 11 PF 0.59<1.10 (1.00=neutral 1.10=+1×cost); prev PF 0.59<0.94 (cost-scale) intern={'indications': True, 'general': False}
2026-08-28T23:15:50 COORD soft last 11 PF 0.59<1.10 (1.00=neutral 1.10=+1×cost); prev PF 0.59<0.94 (cost-scale) intern={'indications': True, 'general': False}
2026-08-28T23:16:35 COORD soft last 11 PF 0.59<1.10 (1.00=neutral 1.10=+1×cost); prev PF 0.59<0.94 (cost-scale) intern={'indications': True, 'general': True}
2026-08-28T23:17:20 COORD soft last 11 PF 0.59<1.10 (1.00=neutral 1.10=+1×cost); prev PF 0.59<0.94 (cost-scale) intern={'indications': True, 'general': False}
2026-08-28T23:18:05 COORD soft last 11 PF 0.59<1.10 (1.00=neutral 1.10=+1×cost); prev PF 0.59<0.94 (cost-scale) intern={'indications': True, 'general': False}
2026-08-28T23:18:50 COORD soft last 11 PF 0.59<1.10 (1.00=neutral 1.10=+1×cost); prev PF 0.59<0.94 (cost-scale) intern={'indications': True, 'general': False}
2026-08-28T23:19:36 COORD soft last 11 PF 0.59<1.10 (1.00=neutral 1.10=+1×cost); prev PF 0.59<0.94 (cost-scale) intern={'indications': True, 'general': False}
2026-08-28T23:20:21 COORD soft last 11 PF 0.59<1.10 (1.00=neutral 1.10=+1×cost); prev PF 0.59<0.94 (cost-scale) intern={'indications': True, 'general': True}
2026-08-28T23:20:29 CTRL sec-sl 1000BONK-USDT LONG STOP_MARKET sec=1 closePos=True qty=1352.0 @0.002933 oid=2093448657763930112
2026-08-28T23:20:37 CTRL sec-sl 1000BONK-USDT LONG STOP_MARKET sec=1 closePos=True qty=1352.0 @0.002933 oid=2093448692211748864
2026-08-28T23:20:45 CTRL sec-sl 1000BONK-USDT LONG STOP_MARKET sec=1 closePos=True qty=1352.0 @0.002933 oid=2093448725908787200
2026-08-28T23:21:06 COORD intern-soft last 11 PF 0.59<1.10 (1.00=neutral 1.10=+1×cost); prev PF 0.59<0.94 (cost-scale)
2026-08-28T23:21:51 COORD intern-soft last 11 PF 0.59<1.10 (1.00=neutral 1.10=+1×cost); prev PF 0.59<0.94 (cost-scale)
2026-08-28T23:22:37 COORD intern-soft last 11 PF 0.59<1.10 (1.00=neutral 1.10=+1×cost); prev PF 0.59<0.94 (cost-scale)
2026-08-28T23:23:07 CLOSE 1000BONK-USDT LONG pnl=-0.0385 (-0.810%) sl hold=2060s
2026-08-28T23:23:07 ORDER FAIL NETNET-USDT SHORT The maximum leverage for the trading pair is 10, please reduce the leverage.
2026-08-28T23:23:08 CTRL sec-sl STX-USDT SHORT STOP_MARKET sec=1 closePos=True qty=8.0 @0.2573 oid=2093449325337743360
2026-08-28T23:23:08 CTRL sec-tp STX-USDT SHORT TAKE_PROFIT_MARKET sec=1 closePos=True qty=8.0 @0.2483 oid=2093449327774633984
2026-08-28T23:23:09 OPEN STX-USDT SHORT qty=8.0 px=0.2544 sl=0.2573 tp=0.2483 sl_oid=2093449325337743360 tp_oid=2093449327774633984
2026-08-28T23:23:10 BLOCK ADD STX-USDT SHORT n=1 +8.0 base=8.0 add=8.0 tot=16.0 minPF=1.160 STX-USDT:short#block:active:1
2026-08-28T23:23:22 COORD soft last 12 PF 0.57<1.10 (1.00=neutral 1.10=+1×cost); prev PF 0.57<0.94 (cost-scale) intern={'indications': True, 'general': True}
2026-08-28T23:24:07 COORD soft last 12 PF 0.57<1.10 (1.00=neutral 1.10=+1×cost); prev PF 0.57<0.94 (cost-scale) intern={'indications': True, 'general': False}
2026-08-28T23:24:52 COORD soft last 12 PF 0.57<1.10 (1.00=neutral 1.10=+1×cost); prev PF 0.57<0.94 (cost-scale) intern={'indications': True, 'general': False}
2026-08-28T23:25:37 COORD soft last 12 PF 0.57<1.10 (1.00=neutral 1.10=+1×cost); prev PF 0.57<0.94 (cost-scale) intern={'indications': True, 'general': False}
2026-08-28T23:26:22 COORD soft last 12 PF 0.57<1.10 (1.00=neutral 1.10=+1×cost); prev PF 0.57<0.94 (cost-scale) intern={'indications': True, 'general': False}
2026-08-28T23:27:07 COORD soft last 12 PF 0.57<1.10 (1.00=neutral 1.10=+1×cost); prev PF 0.57<0.94 (cost-scale) intern={'indications': True, 'general': False}
2026-08-28T23:27:52 COORD soft last 12 PF 0.57<1.10 (1.00=neutral 1.10=+1×cost); prev PF 0.57<0.94 (cost-scale) intern={'indications': True, 'general': False}
2026-08-28T23:28:37 COORD soft last 12 PF 0.57<1.10 (1.00=neutral 1.10=+1×cost); prev PF 0.57<0.94 (cost-scale) intern={'indications': True, 'general': False}
2026-08-28T23:29:22 COORD soft last 12 PF 0.57<1.10 (1.00=neutral 1.10=+1×cost); prev PF 0.57<0.94 (cost-scale) intern={'indications': True, 'general': False}
2026-08-28T23:30:07 COORD soft last 12 PF 0.57<1.10 (1.00=neutral 1.10=+1×cost); prev PF 0.57<0.94 (cost-scale) intern={'indications': True, 'general': True}
2026-08-28T23:30:53 COORD soft last 12 PF 0.57<1.10 (1.00=neutral 1.10=+1×cost); prev PF 0.57<0.94 (cost-scale) intern={'indications': True, 'general': False}
2026-08-28T23:31:38 COORD soft last 12 PF 0.57<1.10 (1.00=neutral 1.10=+1×cost); prev PF 0.57<0.94 (cost-scale) intern={'indications': True, 'general': False}
2026-08-28T23:32:23 COORD soft last 12 PF 0.57<1.10 (1.00=neutral 1.10=+1×cost); prev PF 0.57<0.94 (cost-scale) intern={'indications': True, 'general': False}
2026-08-28T23:33:08 COORD soft last 12 PF 0.57<1.10 (1.00=neutral 1.10=+1×cost); prev PF 0.57<0.94 (cost-scale) intern={'indications': True, 'general': False}
2026-08-28T23:33:53 COORD soft last 12 PF 0.57<1.10 (1.00=neutral 1.10=+1×cost); prev PF 0.57<0.94 (cost-scale) intern={'indications': True, 'general': True}
2026-08-28T23:34:38 COORD soft last 12 PF 0.57<1.10 (1.00=neutral 1.10=+1×cost); prev PF 0.57<0.94 (cost-scale) intern={'indications': True, 'general': False}
2026-08-28T23:35:23 COORD soft last 12 PF 0.57<1.10 (1.00=neutral 1.10=+1×cost); prev PF 0.57<0.94 (cost-scale) intern={'indications': True, 'general': False}
2026-08-28T23:36:08 COORD soft last 12 PF 0.57<1.10 (1.00=neutral 1.10=+1×cost); prev PF 0.57<0.94 (cost-scale) intern={'indications': True, 'general': False}
2026-08-28T23:36:53 COORD soft last 12 PF 0.57<1.10 (1.00=neutral 1.10=+1×cost); prev PF 0.57<0.94 (cost-scale) intern={'indications': True, 'general': False}
2026-08-28T23:37:38 COORD soft last 12 PF 0.57<1.10 (1.00=neutral 1.10=+1×cost); prev PF 0.57<0.94 (cost-scale) intern={'indications': True, 'general': False}
2026-08-28T23:38:23 COORD soft last 12 PF 0.57<1.10 (1.00=neutral 1.10=+1×cost); prev PF 0.57<0.94 (cost-scale) intern={'indications': True, 'general': False}
2026-08-28T23:39:08 COORD soft last 12 PF 0.57<1.10 (1.00=neutral 1.10=+1×cost); prev PF 0.57<0.94 (cost-scale) intern={'indications': True, 'general': False}
2026-08-28T23:39:53 COORD soft last 12 PF 0.57<1.10 (1.00=neutral 1.10=+1×cost); prev PF 0.57<0.94 (cost-scale) intern={'indications': True, 'general': False}
2026-08-28T23:40:38 COORD soft last 12 PF 0.57<1.10 (1.00=neutral 1.10=+1×cost); prev PF 0.57<0.94 (cost-scale) intern={'indications': True, 'general': True}
2026-08-28T23:41:23 COORD soft last 12 PF 0.57<1.10 (1.00=neutral 1.10=+1×cost); prev PF 0.57<0.94 (cost-scale) intern={'indications': True, 'general': False}
2026-08-28T23:42:09 COORD soft last 12 PF 0.57<1.10 (1.00=neutral 1.10=+1×cost); prev PF 0.57<0.94 (cost-scale) intern={'indications': True, 'general': False}
2026-08-28T23:42:54 COORD soft last 12 PF 0.57<1.10 (1.00=neutral 1.10=+1×cost); prev PF 0.57<0.94 (cost-scale) intern={'indications': True, 'general': False}
2026-08-28T23:43:39 COORD soft last 12 PF 0.57<1.10 (1.00=neutral 1.10=+1×cost); prev PF 0.57<0.94 (cost-scale) intern={'indications': True, 'general': False}
2026-08-28T23:44:24 COORD soft last 12 PF 0.57<1.10 (1.00=neutral 1.10=+1×cost); prev PF 0.57<0.94 (cost-scale) intern={'indications': True, 'general': False}
2026-08-28T23:45:09 COORD soft last 12 PF 0.57<1.10 (1.00=neutral 1.10=+1×cost); prev PF 0.57<0.94 (cost-scale) intern={'indications': True, 'general': False}
2026-08-28T23:45:54 COORD soft last 12 PF 0.57<1.10 (1.00=neutral 1.10=+1×cost); prev PF 0.57<0.94 (cost-scale) intern={'indications': True, 'general': False}
2026-08-28T23:46:39 COORD soft last 12 PF 0.57<1.10 (1.00=neutral 1.10=+1×cost); prev PF 0.57<0.94 (cost-scale) intern={'indications': True, 'general': False}
2026-08-28T23:47:03 CTRL sec-sl STX-USDT SHORT STOP_MARKET sec=1 closePos=True qty=16.0 @0.2559 oid=2093455344445001728
2026-08-28T23:47:24 COORD soft last 12 PF 0.57<1.10 (1.00=neutral 1.10=+1×cost); prev PF 0.57<0.94 (cost-scale) intern={'indications': True, 'general': True}
2026-08-28T23:48:09 COORD soft last 12 PF 0.57<1.10 (1.00=neutral 1.10=+1×cost); prev PF 0.57<0.94 (cost-scale) intern={'indications': True, 'general': False}
2026-08-28T23:48:50 pulse start bingx-x01 https://open-api.bingx.com
2026-08-28T23:48:55 eq=2.0933 avail=1.1483 regime=risk-off
2026-08-28T23:48:59 TEST FAIL cid-parse {'kind': 'o', 'pack': 'indications', 'sl': 0.3, 'trail': '', 'step': 8, 'idx': 0, 'set_id': 'indications:1m:sl0.3:st8'}
2026-08-28T23:48:59 TEST FAIL cid-idx {'kind': 'o', 'pack': 'indications', 'sl': 0.3, 'trail': '', 'step': 8, 'idx': 0, 'set_id': 'indications:1m:sl0.3:st8'}
2026-08-28T23:48:59 TEST FAIL size-min-lot n=0.00 min_lot=8.00 cap=2.15
2026-08-28T23:48:59 COORD soft last 12 PF 0.57<1.10 (1.00=neutral 1.10=+1×cost); prev PF 0.57<0.94 (cost-scale) intern={'indications': True, 'general': True}
2026-08-28T23:48:59 TEST FAIL qa-size-min btc n=0.00 min=7.73 lot=0.0001
2026-08-28T23:49:44 COORD soft last 12 PF 0.57<1.10 (1.00=neutral 1.10=+1×cost); prev PF 0.57<0.94 (cost-scale) intern={'indications': True, 'general': True}
2026-08-28T23:50:13 DROP stale local ACT-USDT
2026-08-28T23:50:13 DROP stale local 1000000BOB-USDT
2026-08-28T23:50:13 DROP stale local 1000000MOG-USDT
2026-08-28T23:50:13 DROP stale local STX-USDT
2026-08-28T23:50:14 CTRL sec-sl DEXE-USDT SHORT STOP_MARKET sec=1 closePos=True qty=0.9111 @2.388 oid=2093456147322867712
2026-08-28T23:50:15 CTRL sec-tp DEXE-USDT SHORT TAKE_PROFIT_MARKET sec=1 closePos=True qty=0.9111 @2.303 oid=2093456152397975552
2026-08-28T23:50:17 OPEN DEXE-USDT SHORT qty=0.9111 px=2.36 sl=2.388 tp=2.303 sl_oid=2093456147322867712 tp_oid=2093456152397975552
2026-08-28T23:50:19 CTRL sec-sl CHILLGUY-USDT SHORT STOP_MARKET sec=1 closePos=True qty=146.94 @0.013983 oid=2093456165702307840
2026-08-28T23:50:19 CTRL sec-tp CHILLGUY-USDT SHORT TAKE_PROFIT_MARKET sec=1 closePos=True qty=146.94 @0.013561 oid=2093456168768344064
2026-08-28T23:50:21 OPEN CHILLGUY-USDT SHORT qty=146.94 px=0.013894 sl=0.013971 tp=0.013561 sl_oid=2093456165702307840 tp_oid=2093456168768344064
2026-08-28T23:50:21 ORDER FAIL APEX-USDT SHORT The minimum order amount is 7.76 APEX.
2026-08-28T23:50:23 CTRL sec-sl CRV-USDT SHORT STOP_MARKET sec=1 closePos=True qty=6.7 @0.3038 oid=2093456184396320768
2026-08-28T23:50:24 CTRL sec-tp CRV-USDT SHORT TAKE_PROFIT_MARKET sec=1 closePos=True qty=6.7 @0.2939 oid=2093456189660172288
2026-08-28T23:50:26 OPEN CRV-USDT SHORT qty=6.7 px=0.3011 sl=0.3038 tp=0.2939 sl_oid=2093456184396320768 tp_oid=2093456189660172288
2026-08-28T23:50:27 CTRL sec-sl APT-USDT SHORT STOP_MARKET sec=1 closePos=True qty=3.8 @0.5378 oid=2093456202926755840
2026-08-28T23:50:29 CTRL sec-tp APT-USDT SHORT TAKE_PROFIT_MARKET sec=1 closePos=True qty=3.8 @0.5202 oid=2093456208056389632
2026-08-28T23:50:30 OPEN APT-USDT SHORT qty=3.8 px=0.533 sl=0.5378 tp=0.5202 sl_oid=2093456202926755840 tp_oid=2093456208056389632
2026-08-28T23:50:39 pulse start bingx-x01 https://open-api.bingx.com
2026-08-28T23:50:43 eq=2.0342 avail=1.5236 regime=risk-off
2026-08-28T23:50:47 TEST FAIL cid-parse {'kind': 'o', 'pack': 'indications', 'sl': 0.3, 'trail': '', 'step': 8, 'idx': 0, 'set_id': 'indications:1m:sl0.3:st8'}
2026-08-28T23:50:47 TEST FAIL cid-idx {'kind': 'o', 'pack': 'indications', 'sl': 0.3, 'trail': '', 'step': 8, 'idx': 0, 'set_id': 'indications:1m:sl0.3:st8'}
2026-08-28T23:50:47 TEST FAIL size-min-lot n=0.00 min_lot=8.00 cap=2.15
2026-08-28T23:50:47 COORD soft last 12 PF 0.57<1.10 (1.00=neutral 1.10=+1×cost); prev PF 0.57<0.94 (cost-scale) intern={'indications': True, 'general': True}
2026-08-28T23:50:48 CTRL FAIL sec-tp DEXE-USDT SHORT position not exist px=2.308 mark=2.38 last=2.38
2026-08-28T23:50:48 GHOST drop DEXE-USDT SHORT ctrl-no-position qty=2.2778
2026-08-28T23:50:48 CLOSE DEXE-USDT SHORT pnl=-0.0422 (-0.634%) ctrl-no-position hold=34s
2026-08-28T23:50:51 CTRL sec-sl 1000000MOG-USDT SHORT STOP_MARKET sec=1 closePos=True qty=17.668 @0.1149 oid=2093456299676766208
2026-08-28T23:50:51 CTRL sec-tp 1000000MOG-USDT SHORT TAKE_PROFIT_MARKET sec=1 closePos=True qty=17.668 @0.1104 oid=2093456302390480896
2026-08-28T23:50:52 OPEN 1000000MOG-USDT SHORT qty=17.668 px=0.1131 sl=0.1149 tp=0.1104 sl_oid=2093456299676766208 tp_oid=2093456302390480896
2026-08-28T23:50:54 CTRL sec-sl CRV-USDT SHORT STOP_MARKET sec=1 closePos=True qty=13.4 @0.3033 oid=2093456315862585344
2026-08-28T23:50:56 CTRL sec-tp CRV-USDT SHORT TAKE_PROFIT_MARKET sec=1 closePos=True qty=13.4 @0.2939 oid=2093456323869511680
2026-08-28T23:50:56 BLOCK ADD CRV-USDT SHORT n=1 +6.7 base=6.7 add=6.7 tot=13.4 minPF=1.160 CRV-USDT:short#block:active:1
2026-08-28T23:50:57 TEST FAIL qa-size-min btc n=0.00 min=7.74 lot=0.0001
2026-08-28T23:51:11 CTRL sec-sl CHILLGUY-USDT SHORT STOP_MARKET sec=1 closePos=True qty=293.88 @0.013963 oid=2093456383814504448
2026-08-28T23:51:12 CTRL sec-tp CHILLGUY-USDT SHORT TAKE_PROFIT_MARKET sec=1 closePos=True qty=293.88 @0.013547 oid=2093456389673947136
2026-08-28T23:51:12 BLOCK ADD CHILLGUY-USDT SHORT n=1 +146.94 base=146.94 add=146.94 tot=293.88 minPF=1.160 CHILLGUY-USDT:short#block:active:1
2026-08-28T23:51:24 BLOCK FAIL APT-USDT #1 cooling
2026-08-28T23:51:32 COORD soft last 12 PF 0.57<1.10 (1.00=neutral 1.10=+1×cost); prev PF 0.57<0.94 (cost-scale) intern={'indications': True, 'general': True}
2026-08-28T23:51:38 CTRL sec-sl APT-USDT SHORT STOP_MARKET sec=1 closePos=True qty=7.6 @0.5366 oid=2093456496586756096
2026-08-28T23:51:39 CTRL sec-tp APT-USDT SHORT TAKE_PROFIT_MARKET sec=1 closePos=True qty=7.6 @0.5203 oid=2093456504778231808
2026-08-28T23:51:39 BLOCK ADD APT-USDT SHORT n=1 +3.8 base=3.8 add=3.8 tot=7.6 minPF=1.160 APT-USDT:short#block:active:1
2026-08-28T23:52:17 COORD soft last 12 PF 0.57<1.10 (1.00=neutral 1.10=+1×cost); prev PF 0.57<0.94 (cost-scale) intern={'indications': True, 'general': False}
2026-08-28T23:52:48 CTRL sec-sl CHILLGUY-USDT SHORT STOP_MARKET sec=1 closePos=True qty=293.88 @0.013904 oid=2093456791437938688
2026-08-28T23:52:50 CLOSE CHILLGUY-USDT SHORT pnl=-0.0382 (-0.785%) sl hold=153s
2026-08-28T23:52:57 CTRL sec-sl PISTACIO-USDT SHORT STOP_MARKET sec=1 closePos=True qty=557.0 @0.003658 oid=2093456830549823488
2026-08-28T23:52:58 CTRL sec-tp PISTACIO-USDT SHORT TAKE_PROFIT_MARKET sec=1 closePos=True qty=557.0 @0.003493 oid=2093456835373273088
2026-08-28T23:53:00 OPEN PISTACIO-USDT SHORT qty=557.0 px=0.003579 sl=0.003615 tp=0.003493 sl_oid=2093456830549823488 tp_oid=2093456835373273088
2026-08-28T23:53:00 TEST FAIL qa-ctrl-range range ok=0
2026-08-28T23:53:02 COORD soft last 13 PF 0.55<1.10 (1.00=neutral 1.10=+1×cost); prev PF 0.55<0.94 (cost-scale) intern={'indications': True, 'general': False}
2026-08-28T23:53:40 pulse start bingx-x01 https://open-api.bingx.com
2026-08-28T23:53:45 eq=1.9317 avail=1.6184 regime=risk-off
2026-08-28T23:53:48 TEST FAIL cid-parse {'kind': 'o', 'pack': 'indications', 'sl': 0.3, 'trail': '', 'step': 8, 'idx': 0, 'set_id': 'indications:1m:sl0.3:st8'}
2026-08-28T23:53:48 TEST FAIL cid-idx {'kind': 'o', 'pack': 'indications', 'sl': 0.3, 'trail': '', 'step': 8, 'idx': 0, 'set_id': 'indications:1m:sl0.3:st8'}
2026-08-28T23:53:49 TEST FAIL size-min-lot n=0.00 min_lot=8.00 cap=2.15
2026-08-28T23:53:49 COORD soft last 13 PF 0.55<1.10 (1.00=neutral 1.10=+1×cost); prev PF 0.55<0.94 (cost-scale) intern={'indications': True, 'general': True}
2026-08-28T23:53:49 TEST FAIL qa-ctrl-range range ok=0
2026-08-28T23:53:49 TEST FAIL qa-size-min btc n=0.00 min=7.73 lot=0.0001
2026-08-28T23:54:00 CTRL sec-sl 1000000MOG-USDT SHORT STOP_MARKET sec=1 closePos=True qty=35.336 @0.115 oid=2093457094736449536
2026-08-28T23:54:02 CTRL sec-tp 1000000MOG-USDT SHORT TAKE_PROFIT_MARKET sec=1 closePos=True qty=35.336 @0.1103 oid=2093457101271175168
2026-08-28T23:54:02 BLOCK ADD 1000000MOG-USDT SHORT n=1 +17.668 base=17.668 add=17.668 tot=35.336 minPF=1.160 1000000MOG-USDT:short#block:active:1
2026-08-28T23:54:13 CTRL sec-sl PISTACIO-USDT SHORT STOP_MARKET sec=1 closePos=True qty=557.0 @0.003665 oid=2093457147366576128
2026-08-28T23:54:14 CTRL sec-tp PISTACIO-USDT SHORT TAKE_PROFIT_MARKET sec=1 closePos=True qty=557.0 @0.003493 oid=2093457153829998592
2026-08-28T23:54:17 CTRL sec-sl PISTACIO-USDT SHORT STOP_MARKET sec=1 closePos=True qty=1393.0 @0.003672 oid=2093457164319952896
2026-08-28T23:54:19 CTRL sec-tp PISTACIO-USDT SHORT TAKE_PROFIT_MARKET sec=1 closePos=True qty=1393.0 @0.003503 oid=2093457172184272896
2026-08-28T23:54:19 DCA ADD PISTACIO-USDT SHORT n=1 +836.0 avg=0.003589 adv=1.90%
2026-08-28T23:54:34 COORD soft last 13 PF 0.55<1.10 (1.00=neutral 1.10=+1×cost); prev PF 0.55<0.94 (cost-scale) intern={'indications': True, 'general': True}
2026-08-28T23:55:19 COORD soft last 13 PF 0.55<1.10 (1.00=neutral 1.10=+1×cost); prev PF 0.55<0.94 (cost-scale) intern={'indications': True, 'general': False}
2026-08-28T23:56:04 COORD soft last 13 PF 0.55<1.10 (1.00=neutral 1.10=+1×cost); prev PF 0.55<0.94 (cost-scale) intern={'indications': True, 'general': False}
2026-08-28T23:56:21 pulse start bingx-x01 https://open-api.bingx.com
2026-08-28T23:56:26 eq=1.9016 avail=1.2477 regime=risk-off
2026-08-28T23:56:31 TEST FAIL cid-parse {'kind': 'o', 'pack': 'indications', 'sl': 0.3, 'trail': '', 'step': 8, 'idx': 0, 'set_id': 'indications:1m:sl0.3:st8'}
2026-08-28T23:56:31 TEST FAIL cid-idx {'kind': 'o', 'pack': 'indications', 'sl': 0.3, 'trail': '', 'step': 8, 'idx': 0, 'set_id': 'indications:1m:sl0.3:st8'}
2026-08-28T23:56:31 TEST FAIL size-min-lot n=0.00 min_lot=8.00 cap=2.15
2026-08-28T23:56:31 COORD soft last 13 PF 0.55<1.10 (1.00=neutral 1.10=+1×cost); prev PF 0.55<0.94 (cost-scale) intern={'indications': True, 'general': True}
2026-08-28T23:56:31 TEST FAIL qa-ctrl-range range ok=0
2026-08-28T23:56:31 TEST FAIL qa-size-min btc n=0.00 min=7.73 lot=0.0001
2026-08-28T23:57:16 COORD soft last 13 PF 0.55<1.10 (1.00=neutral 1.10=+1×cost); prev PF 0.55<0.94 (cost-scale) intern={'indications': True, 'general': True}
2026-08-28T23:58:01 COORD soft last 13 PF 0.55<1.10 (1.00=neutral 1.10=+1×cost); prev PF 0.55<0.94 (cost-scale) intern={'indications': True, 'general': True}
2026-08-28T23:58:46 COORD soft last 13 PF 0.55<1.10 (1.00=neutral 1.10=+1×cost); prev PF 0.55<0.94 (cost-scale) intern={'indications': True, 'general': True}
2026-08-28T23:59:32 COORD soft last 13 PF 0.55<1.10 (1.00=neutral 1.10=+1×cost); prev PF 0.55<0.94 (cost-scale) intern={'indications': True, 'general': True}
2026-08-28T23:59:36 CTRL sec-sl CRV-USDT SHORT STOP_MARKET sec=1 closePos=True qty=13.4 @0.3025 oid=2093458501543759872
2026-08-29T00:00:17 COORD soft last 13 PF 0.55<1.10 (1.00=neutral 1.10=+1×cost); prev PF 0.55<0.94 (cost-scale) intern={'indications': True, 'general': True}
2026-08-29T00:00:30 DROP stale local PISTACIO-USDT
2026-08-29T00:00:32 CTRL sec-sl MARSCOIN-USDT SHORT STOP_MARKET sec=1 closePos=True qty=43.5 @0.046534 oid=2093458736500281344
2026-08-29T00:00:33 CTRL sec-tp MARSCOIN-USDT SHORT TAKE_PROFIT_MARKET sec=1 closePos=True qty=43.5 @0.044667 oid=2093458740610699264
2026-08-29T00:00:34 OPEN MARSCOIN-USDT SHORT qty=43.5 px=0.045765 sl=0.046534 tp=0.044667 sl_oid=2093458736500281344 tp_oid=2093458740610699264
2026-08-29T00:00:36 CTRL sec-sl MARSCOIN-USDT SHORT STOP_MARKET sec=1 closePos=True qty=87.2 @0.046045 oid=2093458756561637376
2026-08-29T00:00:38 CTRL sec-tp MARSCOIN-USDT SHORT TAKE_PROFIT_MARKET sec=1 closePos=True qty=87.2 @0.044667 oid=2093458764350459904
2026-08-29T00:00:38 BLOCK ADD MARSCOIN-USDT SHORT n=1 +43.7 base=43.5 add=43.7 tot=87.2 minPF=1.160 MARSCOIN-USDT:short#block:active:1
2026-08-29T00:01:02 COORD soft last 13 PF 0.55<1.10 (1.00=neutral 1.10=+1×cost); prev PF 0.55<0.94 (cost-scale) intern={'indications': True, 'general': True}
2026-08-29T00:01:17 CTRL sec-sl MARSCOIN-USDT SHORT STOP_MARKET sec=1 closePos=True qty=87.2 @0.045869 oid=2093458925189435392
2026-08-29T00:01:47 COORD soft last 13 PF 0.55<1.10 (1.00=neutral 1.10=+1×cost); prev PF 0.55<0.94 (cost-scale) intern={'indications': True, 'general': True}
2026-08-29T00:02:32 COORD soft last 13 PF 0.55<1.10 (1.00=neutral 1.10=+1×cost); prev PF 0.55<0.94 (cost-scale) intern={'indications': True, 'general': True}
2026-08-29T00:03:17 COORD soft last 13 PF 0.55<1.10 (1.00=neutral 1.10=+1×cost); prev PF 0.55<0.94 (cost-scale) intern={'indications': True, 'general': True}
2026-08-29T00:04:02 COORD soft last 13 PF 0.55<1.10 (1.00=neutral 1.10=+1×cost); prev PF 0.55<0.94 (cost-scale) intern={'indications': True, 'general': True}
2026-08-29T00:04:14 DROP stale local MARSCOIN-USDT
2026-08-29T00:04:17 CTRL sec-sl STONKBROKER-USDT SHORT STOP_MARKET sec=1 closePos=True qty=121.0 @0.016636 oid=2093459681082707968
2026-08-29T00:04:18 CTRL sec-tp STONKBROKER-USDT SHORT TAKE_PROFIT_MARKET sec=1 closePos=True qty=121.0 @0.016063 oid=2093459684488482816
2026-08-29T00:04:19 OPEN STONKBROKER-USDT SHORT qty=121.0 px=0.016458 sl=0.016636 tp=0.016063 sl_oid=2093459681082707968 tp_oid=2093459684488482816
2026-08-29T00:04:19 DCA ADD STONKBROKER-USDT SHORT n=1 +182.0 avg=0.016458 adv=0.58%
2026-08-29T00:04:47 COORD soft last 13 PF 0.55<1.10 (1.00=neutral 1.10=+1×cost); prev PF 0.55<0.94 (cost-scale) intern={'indications': True, 'general': True}
2026-08-29T00:05:32 COORD soft last 13 PF 0.55<1.10 (1.00=neutral 1.10=+1×cost); prev PF 0.55<0.94 (cost-scale) intern={'indications': True, 'general': True}
2026-08-29T00:06:17 COORD soft last 13 PF 0.55<1.10 (1.00=neutral 1.10=+1×cost); prev PF 0.55<0.94 (cost-scale) intern={'indications': True, 'general': True}
2026-08-29T00:07:02 COORD soft last 13 PF 0.55<1.10 (1.00=neutral 1.10=+1×cost); prev PF 0.55<0.94 (cost-scale) intern={'indications': True, 'general': True}
2026-08-29T00:07:47 COORD soft last 13 PF 0.55<1.10 (1.00=neutral 1.10=+1×cost); prev PF 0.55<0.94 (cost-scale) intern={'indications': True, 'general': True}
2026-08-29T00:07:56 CTRL sec-sl CRV-USDT SHORT STOP_MARKET sec=1 closePos=True qty=13.4 @0.3039 oid=2093460599899525120
2026-08-29T00:07:57 CTRL sec-tp CRV-USDT SHORT TAKE_PROFIT_MARKET sec=1 closePos=True qty=13.4 @0.2939 oid=2093460606262284288
2026-08-29T00:07:59 CLOSE CRV-USDT SHORT pnl=-0.0329 (-0.664%) sl hold=1057s
2026-08-29T00:08:01 CTRL sec-sl MUBARAK-USDT LONG STOP_MARKET sec=1 closePos=True qty=93.16 @0.02173 oid=2093460621529550848
2026-08-29T00:08:02 CTRL sec-tp MUBARAK-USDT LONG TAKE_PROFIT_MARKET sec=1 closePos=True qty=93.16 @0.02247 oid=2093460626801790976
2026-08-29T00:08:04 OPEN MUBARAK-USDT LONG qty=93.16 px=0.02194 sl=0.02174 tp=0.02247 sl_oid=2093460621529550848 tp_oid=2093460626801790976
2026-08-29T00:08:32 COORD soft last 14 PF 0.55<1.10 (1.00=neutral 1.10=+1×cost); prev PF 0.55<0.94 (cost-scale) intern={'indications': True, 'general': True}
2026-08-29T00:08:34 CTRL sec-sl MUBARAK-USDT LONG STOP_MARKET sec=1 closePos=True qty=186.32 @0.02176 oid=2093460758792343552
2026-08-29T00:08:35 CTRL sec-tp MUBARAK-USDT LONG TAKE_PROFIT_MARKET sec=1 closePos=True qty=186.32 @0.02248 oid=2093460765603893248
2026-08-29T00:08:35 BLOCK ADD MUBARAK-USDT LONG n=1 +93.16 base=93.16 add=93.16 tot=186.32 minPF=1.160 MUBARAK-USDT:long#block:active:1
2026-08-29T00:09:17 COORD soft last 14 PF 0.55<1.10 (1.00=neutral 1.10=+1×cost); prev PF 0.55<0.94 (cost-scale) intern={'indications': True, 'general': True}
2026-08-29T00:10:02 COORD soft last 14 PF 0.55<1.10 (1.00=neutral 1.10=+1×cost); prev PF 0.55<0.94 (cost-scale) intern={'indications': True, 'general': True}
2026-08-29T00:10:42 CTRL sec-sl MUBARAK-USDT LONG STOP_MARKET sec=1 closePos=True qty=186.32 @0.02183 oid=2093461297290645504
2026-08-29T00:10:48 COORD soft last 14 PF 0.55<1.10 (1.00=neutral 1.10=+1×cost); prev PF 0.55<0.94 (cost-scale) intern={'indications': True, 'general': True}
2026-08-29T00:11:33 COORD soft last 14 PF 0.55<1.10 (1.00=neutral 1.10=+1×cost); prev PF 0.55<0.94 (cost-scale) intern={'indications': True, 'general': True}
2026-08-29T00:12:18 COORD soft last 14 PF 0.55<1.10 (1.00=neutral 1.10=+1×cost); prev PF 0.55<0.94 (cost-scale) intern={'indications': True, 'general': True}
2026-08-29T00:13:03 COORD soft last 14 PF 0.55<1.10 (1.00=neutral 1.10=+1×cost); prev PF 0.55<0.94 (cost-scale) intern={'indications': True, 'general': True}
2026-08-29T00:13:48 COORD soft last 14 PF 0.55<1.10 (1.00=neutral 1.10=+1×cost); prev PF 0.55<0.94 (cost-scale) intern={'indications': True, 'general': True}
2026-08-29T00:13:52 CTRL sec-sl MUBARAK-USDT LONG STOP_MARKET sec=1 closePos=True qty=186.32 @0.02169 oid=2093462092098670592
2026-08-29T00:13:53 CTRL sec-tp MUBARAK-USDT LONG TAKE_PROFIT_MARKET sec=1 closePos=True qty=186.32 @0.02248 oid=2093462098562093056
2026-08-29T00:13:55 CTRL sec-sl STONKBROKER-USDT SHORT STOP_MARKET sec=1 closePos=True qty=303.0 @0.016508 oid=2093462106426413056
2026-08-29T00:14:33 COORD soft last 14 PF 0.55<1.10 (1.00=neutral 1.10=+1×cost); prev PF 0.55<0.94 (cost-scale) intern={'indications': True, 'general': True}
2026-08-29T00:14:37 DROP stale local STONKBROKER-USDT
2026-08-29T00:14:38 CTRL sec-sl TWT-USDT LONG STOP_MARKET sec=1 closePos=True qty=5.0 @0.4446 oid=2093462288601812992
2026-08-29T00:14:39 CTRL sec-tp TWT-USDT LONG TAKE_PROFIT_MARKET sec=1 closePos=True qty=5.0 @0.4593 oid=2093462291533631488
2026-08-29T00:14:41 OPEN TWT-USDT LONG qty=5.0 px=0.4485 sl=0.4446 tp=0.4593 sl_oid=2093462288601812992 tp_oid=2093462291533631488
2026-08-29T00:14:43 CTRL sec-sl TWT-USDT LONG STOP_MARKET sec=1 closePos=True qty=10.0 @0.4446 oid=2093462306758955008
2026-08-29T00:14:45 CTRL sec-tp TWT-USDT LONG TAKE_PROFIT_MARKET sec=1 closePos=True qty=10.0 @0.4593 oid=2093462314681995264
2026-08-29T00:14:45 BLOCK ADD TWT-USDT LONG n=1 +5.0 base=5.0 add=5.0 tot=10.0 minPF=1.160 TWT-USDT:long#block:active:1
2026-08-29T00:15:18 COORD soft last 14 PF 0.55<1.10 (1.00=neutral 1.10=+1×cost); prev PF 0.55<0.94 (cost-scale) intern={'indications': True, 'general': True}
2026-08-29T00:15:27 CTRL sec-sl MUBARAK-USDT LONG STOP_MARKET sec=1 closePos=True qty=186.32 @0.02184 oid=2093462491354468352
2026-08-29T00:16:03 COORD soft last 14 PF 0.55<1.10 (1.00=neutral 1.10=+1×cost); prev PF 0.55<0.94 (cost-scale) intern={'indications': True, 'general': True}
2026-08-29T00:16:30 CTRL sec-sl MUBARAK-USDT LONG STOP_MARKET sec=1 closePos=True qty=186.32 @0.02194 oid=2093462758426775552
2026-08-29T00:16:41 LEV ROBO-USDT x25 max=25
2026-08-29T00:16:48 COORD soft last 14 PF 0.55<1.10 (1.00=neutral 1.10=+1×cost); prev PF 0.55<0.94 (cost-scale) intern={'indications': True, 'general': True}
2026-08-29T00:17:33 COORD soft last 14 PF 0.55<1.10 (1.00=neutral 1.10=+1×cost); prev PF 0.55<0.94 (cost-scale) intern={'indications': True, 'general': True}
2026-08-29T00:18:18 COORD soft last 14 PF 0.55<1.10 (1.00=neutral 1.10=+1×cost); prev PF 0.55<0.94 (cost-scale) intern={'indications': True, 'general': True}
2026-08-29T00:19:03 COORD soft last 14 PF 0.55<1.10 (1.00=neutral 1.10=+1×cost); prev PF 0.55<0.94 (cost-scale) intern={'indications': True, 'general': True}
2026-08-29T00:19:48 COORD soft last 14 PF 0.55<1.10 (1.00=neutral 1.10=+1×cost); prev PF 0.55<0.94 (cost-scale) intern={'indications': True, 'general': True}
2026-08-29T00:20:33 COORD soft last 14 PF 0.55<1.10 (1.00=neutral 1.10=+1×cost); prev PF 0.55<0.94 (cost-scale) intern={'indications': True, 'general': True}
2026-08-29T00:21:18 COORD soft last 14 PF 0.55<1.10 (1.00=neutral 1.10=+1×cost); prev PF 0.55<0.94 (cost-scale) intern={'indications': True, 'general': True}
2026-08-29T00:22:03 COORD soft last 14 PF 0.55<1.10 (1.00=neutral 1.10=+1×cost); prev PF 0.55<0.94 (cost-scale) intern={'indications': True, 'general': False}
2026-08-29T00:22:48 COORD soft last 14 PF 0.55<1.10 (1.00=neutral 1.10=+1×cost); prev PF 0.55<0.94 (cost-scale) intern={'indications': True, 'general': False}
2026-08-29T00:23:33 COORD soft last 14 PF 0.55<1.10 (1.00=neutral 1.10=+1×cost); prev PF 0.55<0.94 (cost-scale) intern={'indications': True, 'general': False}
2026-08-29T00:23:56 CTRL sec-sl TWT-USDT LONG STOP_MARKET sec=1 closePos=True qty=10.0 @0.4471 oid=2093464626800463872
2026-08-29T00:24:18 COORD soft last 14 PF 0.55<1.10 (1.00=neutral 1.10=+1×cost); prev PF 0.55<0.94 (cost-scale) intern={'indications': True, 'general': False}
2026-08-29T00:25:04 COORD soft last 14 PF 0.55<1.10 (1.00=neutral 1.10=+1×cost); prev PF 0.55<0.94 (cost-scale) intern={'indications': True, 'general': True}
2026-08-29T00:25:49 COORD soft last 14 PF 0.55<1.10 (1.00=neutral 1.10=+1×cost); prev PF 0.55<0.94 (cost-scale) intern={'indications': True, 'general': True}
2026-08-29T00:26:36 CTRL sec-sl TWT-USDT LONG STOP_MARKET sec=1 closePos=True qty=10.0 @0.4454 oid=2093465296425291776
2026-08-29T00:26:37 CTRL sec-tp TWT-USDT LONG TAKE_PROFIT_MARKET sec=1 closePos=True qty=10.0 @0.4593 oid=2093465302238597120
2026-08-29T00:26:37 COORD soft last 14 PF 0.55<1.10 (1.00=neutral 1.10=+1×cost); prev PF 0.55<0.94 (cost-scale) intern={'indications': True, 'general': True}
2026-08-29T00:27:22 COORD soft last 14 PF 0.55<1.10 (1.00=neutral 1.10=+1×cost); prev PF 0.55<0.94 (cost-scale) intern={'indications': True, 'general': True}
2026-08-29T00:28:07 COORD soft last 14 PF 0.55<1.10 (1.00=neutral 1.10=+1×cost); prev PF 0.55<0.94 (cost-scale) intern={'indications': True, 'general': True}
2026-08-29T00:28:14 pulse start bingx-x01 https://open-api.bingx.com
2026-08-29T00:28:21 eq=1.8152 avail=1.4916 regime=risk-off
2026-08-29T00:28:24 TEST FAIL cid-parse {'kind': 'o', 'pack': 'indications', 'sl': 0.3, 'trail': '', 'step': 8, 'idx': 0, 'set_id': 'indications:1m:sl0.3:st8'}
2026-08-29T00:28:24 TEST FAIL cid-idx {'kind': 'o', 'pack': 'indications', 'sl': 0.3, 'trail': '', 'step': 8, 'idx': 0, 'set_id': 'indications:1m:sl0.3:st8'}
2026-08-29T00:28:24 TEST FAIL size-min-lot n=0.00 min_lot=8.00 cap=2.15
2026-08-29T00:28:24 COORD soft last 14 PF 0.55<1.10 (1.00=neutral 1.10=+1×cost); prev PF 0.55<0.94 (cost-scale) intern={'indications': True, 'general': True}
2026-08-29T00:28:24 TEST FAIL qa-size-min btc n=0.00 min=7.76 lot=0.0001
2026-08-29T00:29:09 COORD soft last 14 PF 0.55<1.10 (1.00=neutral 1.10=+1×cost); prev PF 0.55<0.94 (cost-scale) intern={'indications': True, 'general': True}
2026-08-29T00:29:54 COORD soft last 14 PF 0.55<1.10 (1.00=neutral 1.10=+1×cost); prev PF 0.55<0.94 (cost-scale) intern={'indications': True, 'general': True}
2026-08-29T00:30:01 pulse start bingx-x01 https://open-api.bingx.com
2026-08-29T00:30:06 eq=1.814 avail=1.4904 regime=risk-off
2026-08-29T00:30:13 TEST FAIL cid-parse {'kind': 'o', 'pack': 'indications', 'sl': 0.3, 'trail': '', 'step': 8, 'idx': 0, 'set_id': 'indications:1m:sl0.3:st8'}
2026-08-29T00:30:13 TEST FAIL cid-idx {'kind': 'o', 'pack': 'indications', 'sl': 0.3, 'trail': '', 'step': 8, 'idx': 0, 'set_id': 'indications:1m:sl0.3:st8'}
2026-08-29T00:30:13 TEST FAIL size-min-lot n=0.00 min_lot=8.00 cap=2.15
2026-08-29T00:30:13 COORD soft last 14 PF 0.55<1.10 (1.00=neutral 1.10=+1×cost); prev PF 0.55<0.94 (cost-scale) intern={'indications': True, 'general': True}
2026-08-29T00:30:13 TEST FAIL qa-size-min btc n=0.00 min=7.75 lot=0.0001
2026-08-29T00:30:58 COORD soft last 14 PF 0.55<1.10 (1.00=neutral 1.10=+1×cost); prev PF 0.55<0.94 (cost-scale) intern={'indications': True, 'general': True}
2026-08-29T00:31:43 COORD soft last 14 PF 0.55<1.10 (1.00=neutral 1.10=+1×cost); prev PF 0.55<0.94 (cost-scale) intern={'indications': True, 'general': True}
2026-08-29T00:32:28 COORD soft last 14 PF 0.55<1.10 (1.00=neutral 1.10=+1×cost); prev PF 0.55<0.94 (cost-scale) intern={'indications': True, 'general': True}
2026-08-29T00:33:13 COORD soft last 14 PF 0.55<1.10 (1.00=neutral 1.10=+1×cost); prev PF 0.55<0.94 (cost-scale) intern={'indications': True, 'general': True}
2026-08-29T00:33:58 COORD soft last 14 PF 0.55<1.10 (1.00=neutral 1.10=+1×cost); prev PF 0.55<0.94 (cost-scale) intern={'indications': True, 'general': True}
2026-08-29T00:34:43 COORD soft last 14 PF 0.55<1.10 (1.00=neutral 1.10=+1×cost); prev PF 0.55<0.94 (cost-scale) intern={'indications': True, 'general': True}
2026-08-29T00:35:28 COORD soft last 14 PF 0.55<1.10 (1.00=neutral 1.10=+1×cost); prev PF 0.55<0.94 (cost-scale) intern={'indications': True, 'general': True}
2026-08-29T00:36:13 COORD soft last 14 PF 0.55<1.10 (1.00=neutral 1.10=+1×cost); prev PF 0.55<0.94 (cost-scale) intern={'indications': True, 'general': True}
2026-08-29T00:36:58 COORD soft last 14 PF 0.55<1.10 (1.00=neutral 1.10=+1×cost); prev PF 0.55<0.94 (cost-scale) intern={'indications': True, 'general': True}
2026-08-29T00:37:43 COORD soft last 14 PF 0.55<1.10 (1.00=neutral 1.10=+1×cost); prev PF 0.55<0.94 (cost-scale) intern={'indications': True, 'general': True}
2026-08-29T00:38:28 COORD soft last 14 PF 0.55<1.10 (1.00=neutral 1.10=+1×cost); prev PF 0.55<0.94 (cost-scale) intern={'indications': True, 'general': True}
2026-08-29T00:39:13 COORD soft last 14 PF 0.55<1.10 (1.00=neutral 1.10=+1×cost); prev PF 0.55<0.94 (cost-scale) intern={'indications': True, 'general': True}
2026-08-29T00:39:58 COORD soft last 14 PF 0.55<1.10 (1.00=neutral 1.10=+1×cost); prev PF 0.55<0.94 (cost-scale) intern={'indications': True, 'general': True}
2026-08-29T00:40:43 COORD soft last 14 PF 0.55<1.10 (1.00=neutral 1.10=+1×cost); prev PF 0.55<0.94 (cost-scale) intern={'indications': True, 'general': True}
2026-08-29T00:41:28 COORD soft last 14 PF 0.55<1.10 (1.00=neutral 1.10=+1×cost); prev PF 0.55<0.94 (cost-scale) intern={'indications': True, 'general': True}
2026-08-29T00:42:13 COORD soft last 14 PF 0.55<1.10 (1.00=neutral 1.10=+1×cost); prev PF 0.55<0.94 (cost-scale) intern={'indications': True, 'general': True}
2026-08-29T00:42:58 COORD soft last 14 PF 0.55<1.10 (1.00=neutral 1.10=+1×cost); prev PF 0.55<0.94 (cost-scale) intern={'indications': True, 'general': True}
2026-08-29T00:43:44 COORD soft last 14 PF 0.55<1.10 (1.00=neutral 1.10=+1×cost); prev PF 0.55<0.94 (cost-scale) intern={'indications': True, 'general': True}
2026-08-29T00:44:29 COORD soft last 14 PF 0.55<1.10 (1.00=neutral 1.10=+1×cost); prev PF 0.55<0.94 (cost-scale) intern={'indications': True, 'general': True}
2026-08-29T00:45:14 COORD soft last 14 PF 0.55<1.10 (1.00=neutral 1.10=+1×cost); prev PF 0.55<0.94 (cost-scale) intern={'indications': False, 'general': True}
2026-08-29T00:45:59 COORD soft last 14 PF 0.55<1.10 (1.00=neutral 1.10=+1×cost); prev PF 0.55<0.94 (cost-scale) intern={'indications': False, 'general': True}
2026-08-29T00:46:44 COORD soft last 14 PF 0.55<1.10 (1.00=neutral 1.10=+1×cost); prev PF 0.55<0.94 (cost-scale) intern={'indications': False, 'general': True}
2026-08-29T00:47:29 COORD soft last 14 PF 0.55<1.10 (1.00=neutral 1.10=+1×cost); prev PF 0.55<0.94 (cost-scale) intern={'indications': False, 'general': True}
2026-08-29T00:48:14 COORD soft last 14 PF 0.55<1.10 (1.00=neutral 1.10=+1×cost); prev PF 0.55<0.94 (cost-scale) intern={'indications': True, 'general': True}
2026-08-29T00:48:59 COORD soft last 14 PF 0.55<1.10 (1.00=neutral 1.10=+1×cost); prev PF 0.55<0.94 (cost-scale) intern={'indications': False, 'general': True}
2026-08-29T00:49:45 COORD soft last 14 PF 0.55<1.10 (1.00=neutral 1.10=+1×cost); prev PF 0.55<0.94 (cost-scale) intern={'indications': False, 'general': True}
2026-08-29T00:50:30 COORD soft last 14 PF 0.55<1.10 (1.00=neutral 1.10=+1×cost); prev PF 0.55<0.94 (cost-scale) intern={'indications': False, 'general': True}
2026-08-29T00:51:15 COORD soft last 14 PF 0.55<1.10 (1.00=neutral 1.10=+1×cost); prev PF 0.55<0.94 (cost-scale) intern={'indications': False, 'general': True}
2026-08-29T00:51:25 DROP stale local APT-USDT
2026-08-29T00:51:27 CTRL sec-sl PONS-USDT LONG STOP_MARKET sec=1 closePos=True qty=15.2 @0.137254 oid=2093471551063691264
2026-08-29T00:51:28 CTRL sec-tp PONS-USDT LONG TAKE_PROFIT_MARKET sec=1 closePos=True qty=15.2 @0.141824 oid=2093471554544963584
2026-08-29T00:51:28 OPEN PONS-USDT LONG qty=15.2 px=0.1385 sl=0.137254 tp=0.141824 sl_oid=2093471551063691264 tp_oid=2093471554544963584
2026-08-29T00:52:00 COORD soft last 14 PF 0.55<1.10 (1.00=neutral 1.10=+1×cost); prev PF 0.55<0.94 (cost-scale) intern={'indications': False, 'general': True}
2026-08-29T00:52:45 COORD soft last 14 PF 0.55<1.10 (1.00=neutral 1.10=+1×cost); prev PF 0.55<0.94 (cost-scale) intern={'indications': False, 'general': True}
2026-08-29T00:53:30 COORD soft last 14 PF 0.55<1.10 (1.00=neutral 1.10=+1×cost); prev PF 0.55<0.94 (cost-scale) intern={'indications': False, 'general': True}
2026-08-29T00:54:15 COORD soft last 14 PF 0.55<1.10 (1.00=neutral 1.10=+1×cost); prev PF 0.55<0.94 (cost-scale) intern={'indications': False, 'general': True}
2026-08-29T00:54:24 DCA ADD PONS-USDT LONG n=1 +22.8 avg=0.138500 adv=0.61%
2026-08-29T00:55:00 COORD soft last 14 PF 0.55<1.10 (1.00=neutral 1.10=+1×cost); prev PF 0.55<0.94 (cost-scale) intern={'indications': False, 'general': True}
2026-08-29T00:55:45 COORD soft last 14 PF 0.55<1.10 (1.00=neutral 1.10=+1×cost); prev PF 0.55<0.94 (cost-scale) intern={'indications': False, 'general': True}
2026-08-29T00:56:30 COORD soft last 14 PF 0.55<1.10 (1.00=neutral 1.10=+1×cost); prev PF 0.55<0.94 (cost-scale) intern={'indications': False, 'general': True}
2026-08-29T00:57:15 COORD soft last 14 PF 0.55<1.10 (1.00=neutral 1.10=+1×cost); prev PF 0.55<0.94 (cost-scale) intern={'indications': False, 'general': True}
2026-08-29T00:58:00 COORD soft last 14 PF 0.55<1.10 (1.00=neutral 1.10=+1×cost); prev PF 0.55<0.94 (cost-scale) intern={'indications': True, 'general': True}
2026-08-29T00:58:45 COORD soft last 14 PF 0.55<1.10 (1.00=neutral 1.10=+1×cost); prev PF 0.55<0.94 (cost-scale) intern={'indications': False, 'general': True}
2026-08-29T00:59:06 DROP stale local PONS-USDT
2026-08-29T00:59:07 CTRL sec-sl TOAD-USDT LONG STOP_MARKET sec=1 closePos=True qty=486.7 @0.0052 oid=2093473482788147200
2026-08-29T00:59:08 CTRL sec-tp TOAD-USDT LONG TAKE_PROFIT_MARKET sec=1 closePos=True qty=486.7 @0.0056 oid=2093473485711577088
2026-08-29T00:59:08 OPEN TOAD-USDT LONG qty=486.7 px=0.00546 sl=0.0052 tp=0.00559 sl_oid=2093473482788147200 tp_oid=2093473485711577088
2026-08-29T00:59:11 TEST FAIL qa-ctrl-range range ok=0
2026-08-29T00:59:15 DROP stale local TOAD-USDT
2026-08-29T00:59:16 CTRL sec-sl TOAD-USDT LONG STOP_MARKET sec=1 closePos=True qty=486.7 @0.0053 oid=2093473521073754112
2026-08-29T00:59:17 CTRL sec-tp TOAD-USDT LONG TAKE_PROFIT_MARKET sec=1 closePos=True qty=486.7 @0.0058 oid=2093473524013961216
2026-08-29T00:59:17 OPEN TOAD-USDT LONG qty=486.7 px=0.00566 sl=0.0053 tp=0.0058 sl_oid=2093473521073754112 tp_oid=2093473524013961216
2026-08-29T00:59:31 COORD soft last 14 PF 0.55<1.10 (1.00=neutral 1.10=+1×cost); prev PF 0.55<0.94 (cost-scale) intern={'indications': False, 'general': True}
2026-08-29T01:00:16 COORD soft last 14 PF 0.55<1.10 (1.00=neutral 1.10=+1×cost); prev PF 0.55<0.94 (cost-scale) intern={'indications': False, 'general': True}
2026-08-29T01:00:28 DROP stale local TOAD-USDT
2026-08-29T01:00:29 CTRL sec-sl TOAD-USDT LONG STOP_MARKET sec=1 closePos=True qty=486.7 @0.00541 oid=2093473824053497856
2026-08-29T01:00:32 CTRL sec-tp TOAD-USDT LONG TAKE_PROFIT_MARKET sec=1 closePos=True qty=486.7 @0.00586 oid=2093473837622071296
2026-08-29T01:00:32 OPEN TOAD-USDT LONG qty=486.7 px=0.0057 sl=0.00541 tp=0.00584 sl_oid=2093473824053497856 tp_oid=2093473837622071296
2026-08-29T01:00:36 DROP stale local TOAD-USDT
2026-08-29T01:00:37 CTRL sec-sl TOAD-USDT LONG STOP_MARKET sec=1 closePos=True qty=486.7 @0.00554 oid=2093473860774629376
2026-08-29T01:00:39 CTRL sec-tp TOAD-USDT LONG TAKE_PROFIT_MARKET sec=1 closePos=True qty=486.7 @0.00606 oid=2093473867913334784
2026-08-29T01:00:39 OPEN TOAD-USDT LONG qty=486.7 px=0.00592 sl=0.00554 tp=0.00606 sl_oid=2093473860774629376 tp_oid=2093473867913334784
2026-08-29T01:01:01 COORD soft last 14 PF 0.55<1.10 (1.00=neutral 1.10=+1×cost); prev PF 0.55<0.94 (cost-scale) intern={'indications': False, 'general': True}
2026-08-29T01:01:03 DROP stale local TOAD-USDT
2026-08-29T01:01:05 CTRL sec-sl TOAD-USDT LONG STOP_MARKET sec=1 closePos=True qty=486.7 @0.00554 oid=2093473974884864000
2026-08-29T01:01:06 CTRL sec-tp TOAD-USDT LONG TAKE_PROFIT_MARKET sec=1 closePos=True qty=486.7 @0.00586 oid=2093473979603456000
2026-08-29T01:01:06 OPEN TOAD-USDT LONG qty=486.7 px=0.00572 sl=0.00554 tp=0.00586 sl_oid=2093473974884864000 tp_oid=2093473979603456000
2026-08-29T01:01:28 DROP stale local TOAD-USDT
2026-08-29T01:01:29 CTRL sec-sl TOAD-USDT LONG STOP_MARKET sec=1 closePos=True qty=486.7 @0.00546 oid=2093474078597419008
2026-08-29T01:01:30 CTRL sec-tp TOAD-USDT LONG TAKE_PROFIT_MARKET sec=1 closePos=True qty=486.7 @0.00602 oid=2093474082493927424
2026-08-29T01:01:30 OPEN TOAD-USDT LONG qty=486.7 px=0.00588 sl=0.00546 tp=0.00602 sl_oid=2093474078597419008 tp_oid=2093474082493927424
2026-08-29T01:01:46 COORD soft last 14 PF 0.55<1.10 (1.00=neutral 1.10=+1×cost); prev PF 0.55<0.94 (cost-scale) intern={'indications': True, 'general': True}
2026-08-29T01:02:31 COORD soft last 14 PF 0.55<1.10 (1.00=neutral 1.10=+1×cost); prev PF 0.55<0.94 (cost-scale) intern={'indications': True, 'general': True}
2026-08-29T01:02:36 DROP stale local TOAD-USDT
2026-08-29T01:02:37 CTRL sec-sl TOAD-USDT LONG STOP_MARKET sec=1 closePos=True qty=486.7 @0.00572 oid=2093474363722010624
2026-08-29T01:02:38 CTRL sec-tp TOAD-USDT LONG TAKE_PROFIT_MARKET sec=1 closePos=True qty=486.7 @0.00606 oid=2093474366691577856
2026-08-29T01:02:38 OPEN TOAD-USDT LONG qty=486.7 px=0.00591 sl=0.00572 tp=0.00605 sl_oid=2093474363722010624 tp_oid=2093474366691577856
2026-08-29T01:02:42 DROP stale local TOAD-USDT
2026-08-29T01:02:43 CTRL sec-sl TOAD-USDT LONG STOP_MARKET sec=1 closePos=True qty=486.7 @0.00574 oid=2093474388237717504
2026-08-29T01:02:44 CTRL sec-tp TOAD-USDT LONG TAKE_PROFIT_MARKET sec=1 closePos=True qty=486.7 @0.00632 oid=2093474391299559424
2026-08-29T01:02:44 OPEN TOAD-USDT LONG qty=486.7 px=0.00616 sl=0.00574 tp=0.00631 sl_oid=2093474388237717504 tp_oid=2093474391299559424
2026-08-29T01:03:16 COORD soft last 14 PF 0.55<1.10 (1.00=neutral 1.10=+1×cost); prev PF 0.55<0.94 (cost-scale) intern={'indications': True, 'general': True}
2026-08-29T01:04:00 pulse start bingx-x01 https://open-api.bingx.com
2026-08-29T01:04:05 eq=1.8166 avail=1.2135 regime=risk-off
2026-08-29T01:04:11 TEST FAIL cid-parse {'kind': 'o', 'pack': 'indications', 'sl': 0.3, 'trail': '', 'step': 8, 'idx': 0, 'set_id': 'indications:1m:sl0.3:st8'}
2026-08-29T01:04:11 TEST FAIL cid-idx {'kind': 'o', 'pack': 'indications', 'sl': 0.3, 'trail': '', 'step': 8, 'idx': 0, 'set_id': 'indications:1m:sl0.3:st8'}
2026-08-29T01:04:11 TEST FAIL size-min-lot n=0.00 min_lot=8.00 cap=2.15
2026-08-29T01:04:11 COORD soft last 14 PF 0.55<1.10 (1.00=neutral 1.10=+1×cost); prev PF 0.55<0.94 (cost-scale) intern={'indications': True, 'general': True}
2026-08-29T01:04:11 TEST FAIL qa-ctrl-range range ok=0
2026-08-29T01:04:11 TEST FAIL qa-size-min btc n=0.00 min=7.77 lot=0.0001
2026-08-29T01:04:30 DROP stale local TOAD-USDT
2026-08-29T01:04:31 CTRL sec-sl ACT-USDT LONG STOP_MARKET sec=1 closePos=True qty=178.32 @0.011149 oid=2093474838349451264
2026-08-29T01:04:31 CTRL sec-tp ACT-USDT LONG TAKE_PROFIT_MARKET sec=1 closePos=True qty=178.32 @0.01149 oid=2093474840308191232
2026-08-29T01:04:31 OPEN ACT-USDT LONG qty=178.32 px=0.011221 sl=0.011149 tp=0.01149 sl_oid=2093474838349451264 tp_oid=2093474840308191232
2026-08-29T01:04:36 CTRL sec-sl ACT-USDT LONG STOP_MARKET sec=1 closePos=True qty=356.73 @0.011149 oid=2093474860822532096
2026-08-29T01:04:37 CTRL sec-tp ACT-USDT LONG TAKE_PROFIT_MARKET sec=1 closePos=True qty=356.73 @0.01149 oid=2093474863523663872
2026-08-29T01:04:37 BLOCK ADD ACT-USDT LONG n=1 +178.41 base=178.32 add=178.41 tot=356.73 minPF=1.160 ACT-USDT:long#block:active:1
2026-08-29T01:04:56 COORD soft last 14 PF 0.55<1.10 (1.00=neutral 1.10=+1×cost); prev PF 0.55<0.94 (cost-scale) intern={'indications': True, 'general': True}
2026-08-29T01:05:41 COORD soft last 14 PF 0.55<1.10 (1.00=neutral 1.10=+1×cost); prev PF 0.55<0.94 (cost-scale) intern={'indications': True, 'general': True}
2026-08-29T01:06:26 COORD soft last 14 PF 0.55<1.10 (1.00=neutral 1.10=+1×cost); prev PF 0.55<0.94 (cost-scale) intern={'indications': True, 'general': True}
2026-08-29T01:06:45 pulse start bingx-x01 https://open-api.bingx.com
2026-08-29T01:06:49 eq=1.8949 avail=1.1913 regime=risk-off
2026-08-29T01:06:52 TEST FAIL cid-parse {'kind': 'o', 'pack': 'indications', 'sl': 0.3, 'trail': '', 'step': 8, 'idx': 0, 'set_id': 'indications:1m:sl0.3:st8'}
2026-08-29T01:06:52 TEST FAIL cid-idx {'kind': 'o', 'pack': 'indications', 'sl': 0.3, 'trail': '', 'step': 8, 'idx': 0, 'set_id': 'indications:1m:sl0.3:st8'}
2026-08-29T01:06:52 TEST FAIL size-min-lot n=0.00 min_lot=8.00 cap=2.15
2026-08-29T01:06:53 TEST FAIL qa-controls missing=4 open=4 cool=0
2026-08-29T01:06:53 TEST FAIL qa-ctrl-range range ok=0
2026-08-29T01:06:53 TEST FAIL qa-size-min btc n=0.00 min=7.77 lot=0.0001
2026-08-29T01:09:45 COORD soft last 14 PF 0.55<1.10 (1.00=neutral 1.10=+1×cost); prev PF 0.55<0.94 (cost-scale) intern={'indications': True, 'general': True}
2026-08-29T01:10:30 COORD soft last 14 PF 0.55<1.10 (1.00=neutral 1.10=+1×cost); prev PF 0.55<0.94 (cost-scale) intern={'indications': True, 'general': True}
2026-08-29T01:11:15 COORD soft last 14 PF 0.55<1.10 (1.00=neutral 1.10=+1×cost); prev PF 0.55<0.94 (cost-scale) intern={'indications': True, 'general': True}
2026-08-29T01:12:00 COORD soft last 14 PF 0.55<1.10 (1.00=neutral 1.10=+1×cost); prev PF 0.55<0.94 (cost-scale) intern={'indications': True, 'general': True}
2026-08-29T01:12:46 COORD soft last 14 PF 0.55<1.10 (1.00=neutral 1.10=+1×cost); prev PF 0.55<0.94 (cost-scale) intern={'indications': True, 'general': True}
2026-08-29T01:13:31 COORD soft last 14 PF 0.55<1.10 (1.00=neutral 1.10=+1×cost); prev PF 0.55<0.94 (cost-scale) intern={'indications': True, 'general': True}
2026-08-29T01:14:16 COORD soft last 14 PF 0.55<1.10 (1.00=neutral 1.10=+1×cost); prev PF 0.55<0.94 (cost-scale) intern={'indications': True, 'general': True}
2026-08-29T01:15:01 COORD soft last 14 PF 0.55<1.10 (1.00=neutral 1.10=+1×cost); prev PF 0.55<0.94 (cost-scale) intern={'indications': True, 'general': True}
2026-08-29T01:15:47 COORD soft last 14 PF 0.55<1.10 (1.00=neutral 1.10=+1×cost); prev PF 0.55<0.94 (cost-scale) intern={'indications': True, 'general': True}
2026-08-29T01:16:32 COORD soft last 14 PF 0.55<1.10 (1.00=neutral 1.10=+1×cost); prev PF 0.55<0.94 (cost-scale) intern={'indications': True, 'general': True}
2026-08-29T01:17:17 COORD soft last 14 PF 0.55<1.10 (1.00=neutral 1.10=+1×cost); prev PF 0.55<0.94 (cost-scale) intern={'indications': True, 'general': True}
2026-08-29T01:18:02 COORD soft last 14 PF 0.55<1.10 (1.00=neutral 1.10=+1×cost); prev PF 0.55<0.94 (cost-scale) intern={'indications': True, 'general': True}
2026-08-29T01:18:47 COORD soft last 14 PF 0.55<1.10 (1.00=neutral 1.10=+1×cost); prev PF 0.55<0.94 (cost-scale) intern={'indications': False, 'general': True}
2026-08-29T01:19:32 COORD soft last 14 PF 0.55<1.10 (1.00=neutral 1.10=+1×cost); prev PF 0.55<0.94 (cost-scale) intern={'indications': False, 'general': True}
2026-08-29T01:20:17 COORD soft last 14 PF 0.55<1.10 (1.00=neutral 1.10=+1×cost); prev PF 0.55<0.94 (cost-scale) intern={'indications': False, 'general': True}
2026-08-29T01:20:27 DROP stale local MUBARAK-USDT
2026-08-29T01:20:28 CTRL sec-sl TOAD-USDT LONG STOP_MARKET sec=1 closePos=True qty=306.2 @0.00637 oid=2093478854441668608
2026-08-29T01:20:28 CTRL sec-tp TOAD-USDT LONG TAKE_PROFIT_MARKET sec=1 closePos=True qty=306.2 @0.00676 oid=2093478856396214272
2026-08-29T01:20:28 OPEN TOAD-USDT LONG qty=306.2 px=0.00657 sl=0.00644 tp=0.00676 sl_oid=2093478854441668608 tp_oid=2093478856396214272
2026-08-29T01:20:30 TEST FAIL qa-ctrl-range range ok=0
2026-08-29T01:20:43 CTRL sec-sl TOAD-USDT LONG STOP_MARKET sec=1 closePos=True qty=765.5 @0.00636 oid=2093478917125541888
2026-08-29T01:20:44 CTRL sec-tp TOAD-USDT LONG TAKE_PROFIT_MARKET sec=1 closePos=True qty=765.5 @0.00672 oid=2093478919595986944
2026-08-29T01:20:44 DCA ADD TOAD-USDT LONG n=1 +459.3 avg=0.006558 adv=0.76%
2026-08-29T01:21:02 COORD soft last 14 PF 0.55<1.10 (1.00=neutral 1.10=+1×cost); prev PF 0.55<0.94 (cost-scale) intern={'indications': False, 'general': True}
2026-08-29T01:21:04 CTRL sec-sl TOAD-USDT LONG STOP_MARKET sec=1 closePos=True qty=765.5 @0.00626 oid=2093479006594240512
2026-08-29T01:21:47 COORD soft last 14 PF 0.55<1.10 (1.00=neutral 1.10=+1×cost); prev PF 0.55<0.94 (cost-scale) intern={'indications': True, 'general': True}
2026-08-29T01:22:32 COORD soft last 14 PF 0.55<1.10 (1.00=neutral 1.10=+1×cost); prev PF 0.55<0.94 (cost-scale) intern={'indications': True, 'general': True}
2026-08-29T01:23:17 COORD soft last 14 PF 0.55<1.10 (1.00=neutral 1.10=+1×cost); prev PF 0.55<0.94 (cost-scale) intern={'indications': True, 'general': True}
2026-08-29T01:24:02 COORD soft last 14 PF 0.55<1.10 (1.00=neutral 1.10=+1×cost); prev PF 0.55<0.94 (cost-scale) intern={'indications': True, 'general': True}
2026-08-29T01:24:23 DROP stale local TOAD-USDT
2026-08-29T01:24:24 CTRL sec-sl NMR-USDT LONG STOP_MARKET sec=1 closePos=True qty=0.3 @8.963 oid=2093479845903831040
2026-08-29T01:24:25 CTRL sec-tp NMR-USDT LONG TAKE_PROFIT_MARKET sec=1 closePos=True qty=0.3 @9.23 oid=2093479847849988096
2026-08-29T01:24:25 OPEN NMR-USDT LONG qty=0.3 px=9.014 sl=8.965 tp=9.23 sl_oid=2093479845903831040 tp_oid=2093479847849988096
2026-08-29T01:24:37 BLOCK skip NMR-USDT n=1 book cap 5.00
2026-08-29T01:24:47 COORD soft last 14 PF 0.55<1.10 (1.00=neutral 1.10=+1×cost); prev PF 0.55<0.94 (cost-scale) intern={'indications': True, 'general': True}
2026-08-29T01:25:30 pulse start bingx-x01 https://open-api.bingx.com
2026-08-29T01:25:36 eq=1.6487 avail=1.0546 regime=risk-off
2026-08-29T01:25:42 TEST FAIL cid-parse {'kind': 'o', 'pack': 'indications', 'sl': 0.3, 'trail': '', 'step': 8, 'idx': 0, 'set_id': 'indications:1m:sl0.3:st8'}
2026-08-29T01:25:42 TEST FAIL cid-idx {'kind': 'o', 'pack': 'indications', 'sl': 0.3, 'trail': '', 'step': 8, 'idx': 0, 'set_id': 'indications:1m:sl0.3:st8'}
2026-08-29T01:25:42 TEST FAIL size-min-lot n=0.00 min_lot=8.00 cap=2.15
2026-08-29T01:25:42 COORD soft last 14 PF 0.55<1.10 (1.00=neutral 1.10=+1×cost); prev PF 0.55<0.94 (cost-scale) intern={'indications': True, 'general': True}
2026-08-29T01:25:43 CTRL sec-sl 1000BONK-USDT LONG STOP_MARKET sec=1 closePos=True qty=672.0 @0.002964 oid=2093480174670155776
2026-08-29T01:25:43 CTRL sec-tp 1000BONK-USDT LONG TAKE_PROFIT_MARKET sec=1 closePos=True qty=672.0 @0.003055 oid=2093480176515649536
2026-08-29T01:25:43 OPEN 1000BONK-USDT LONG qty=672.0 px=0.002983 sl=0.002964 tp=0.003055 sl_oid=2093480174670155776 tp_oid=2093480176515649536
2026-08-29T01:25:44 CTRL sec-sl 1000CAT-USDT LONG STOP_MARKET sec=1 closePos=True qty=1037.0 @0.001917 oid=2093480179594268672
2026-08-29T01:25:45 CTRL sec-tp 1000CAT-USDT LONG TAKE_PROFIT_MARKET sec=1 closePos=True qty=1037.0 @0.001981 oid=2093480181662060544
2026-08-29T01:25:45 OPEN 1000CAT-USDT LONG qty=1037.0 px=0.001935 sl=0.001917 tp=0.001981 sl_oid=2093480179594268672 tp_oid=2093480181662060544
2026-08-29T01:25:53 CTRL sec-sl 1000BONK-USDT LONG STOP_MARKET sec=1 closePos=True qty=1344.0 @0.002964 oid=2093480218374803456
2026-08-29T01:25:54 CTRL sec-tp 1000BONK-USDT LONG TAKE_PROFIT_MARKET sec=1 closePos=True qty=1344.0 @0.003055 oid=2093480220887191552
2026-08-29T01:25:54 BLOCK ADD 1000BONK-USDT LONG n=1 +672.0 base=672.0 add=672.0 tot=1344.0 minPF=1.160 1000BONK-USDT:long#block:active:1
2026-08-29T01:25:54 TEST FAIL qa-size-min btc n=0.00 min=7.77 lot=0.0001
2026-08-29T01:26:11 CTRL sec-sl 1000CAT-USDT LONG STOP_MARKET sec=1 closePos=True qty=2074.0 @0.001914 oid=2093480293704503296
2026-08-29T01:26:12 CTRL sec-tp 1000CAT-USDT LONG TAKE_PROFIT_MARKET sec=1 closePos=True qty=2074.0 @0.001981 oid=2093480295856181248
2026-08-29T01:26:12 BLOCK ADD 1000CAT-USDT LONG n=1 +1037.0 base=1037.0 add=1037.0 tot=2074.0 minPF=1.160 1000CAT-USDT:long#block:active:1
2026-08-29T01:26:27 COORD soft last 14 PF 0.55<1.10 (1.00=neutral 1.10=+1×cost); prev PF 0.55<0.94 (cost-scale) intern={'indications': True, 'general': True}
2026-08-29T01:27:12 COORD soft last 14 PF 0.55<1.10 (1.00=neutral 1.10=+1×cost); prev PF 0.55<0.94 (cost-scale) intern={'indications': True, 'general': True}
2026-08-29T01:27:57 COORD soft last 14 PF 0.55<1.10 (1.00=neutral 1.10=+1×cost); prev PF 0.55<0.94 (cost-scale) intern={'indications': True, 'general': True}
2026-08-29T01:28:42 COORD soft last 14 PF 0.55<1.10 (1.00=neutral 1.10=+1×cost); prev PF 0.55<0.94 (cost-scale) intern={'indications': True, 'general': True}
2026-08-29T01:29:27 COORD soft last 14 PF 0.55<1.10 (1.00=neutral 1.10=+1×cost); prev PF 0.55<0.94 (cost-scale) intern={'indications': True, 'general': True}
2026-08-29T01:30:13 COORD soft last 14 PF 0.55<1.10 (1.00=neutral 1.10=+1×cost); prev PF 0.55<0.94 (cost-scale) intern={'indications': False, 'general': True}
2026-08-29T01:30:58 COORD soft last 14 PF 0.55<1.10 (1.00=neutral 1.10=+1×cost); prev PF 0.55<0.94 (cost-scale) intern={'indications': False, 'general': True}
2026-08-29T01:31:43 COORD soft last 14 PF 0.55<1.10 (1.00=neutral 1.10=+1×cost); prev PF 0.55<0.94 (cost-scale) intern={'indications': False, 'general': True}
2026-08-29T01:32:28 COORD soft last 14 PF 0.55<1.10 (1.00=neutral 1.10=+1×cost); prev PF 0.55<0.94 (cost-scale) intern={'indications': False, 'general': True}
2026-08-29T01:33:13 COORD soft last 14 PF 0.55<1.10 (1.00=neutral 1.10=+1×cost); prev PF 0.55<0.94 (cost-scale) intern={'indications': True, 'general': True}
2026-08-29T01:33:28 CTRL sec-sl NMR-USDT LONG STOP_MARKET sec=1 closePos=True qty=0.3 @8.933 oid=2093482125394808832
2026-08-29T01:33:58 COORD soft last 14 PF 0.55<1.10 (1.00=neutral 1.10=+1×cost); prev PF 0.55<0.94 (cost-scale) intern={'indications': False, 'general': True}
2026-08-29T01:34:43 COORD soft last 14 PF 0.55<1.10 (1.00=neutral 1.10=+1×cost); prev PF 0.55<0.94 (cost-scale) intern={'indications': False, 'general': True}
2026-08-29T01:35:28 COORD soft last 14 PF 0.55<1.10 (1.00=neutral 1.10=+1×cost); prev PF 0.55<0.94 (cost-scale) intern={'indications': False, 'general': True}
2026-08-29T01:36:13 COORD soft last 14 PF 0.55<1.10 (1.00=neutral 1.10=+1×cost); prev PF 0.55<0.94 (cost-scale) intern={'indications': False, 'general': True}
2026-08-29T01:36:58 COORD soft last 14 PF 0.55<1.10 (1.00=neutral 1.10=+1×cost); prev PF 0.55<0.94 (cost-scale) intern={'indications': False, 'general': True}
2026-08-29T01:37:43 COORD soft last 14 PF 0.55<1.10 (1.00=neutral 1.10=+1×cost); prev PF 0.55<0.94 (cost-scale) intern={'indications': False, 'general': True}
2026-08-29T01:38:28 COORD soft last 14 PF 0.55<1.10 (1.00=neutral 1.10=+1×cost); prev PF 0.55<0.94 (cost-scale) intern={'indications': False, 'general': True}
2026-08-29T01:39:13 COORD soft last 14 PF 0.55<1.10 (1.00=neutral 1.10=+1×cost); prev PF 0.55<0.94 (cost-scale) intern={'indications': False, 'general': True}
2026-08-29T01:39:58 COORD soft last 14 PF 0.55<1.10 (1.00=neutral 1.10=+1×cost); prev PF 0.55<0.94 (cost-scale) intern={'indications': True, 'general': True}
2026-08-29T01:40:43 COORD soft last 14 PF 0.55<1.10 (1.00=neutral 1.10=+1×cost); prev PF 0.55<0.94 (cost-scale) intern={'indications': False, 'general': True}
2026-08-29T01:41:28 COORD soft last 14 PF 0.55<1.10 (1.00=neutral 1.10=+1×cost); prev PF 0.55<0.94 (cost-scale) intern={'indications': False, 'general': True}
2026-08-29T01:42:13 COORD soft last 14 PF 0.55<1.10 (1.00=neutral 1.10=+1×cost); prev PF 0.55<0.94 (cost-scale) intern={'indications': False, 'general': True}
2026-08-29T01:42:59 COORD soft last 14 PF 0.55<1.10 (1.00=neutral 1.10=+1×cost); prev PF 0.55<0.94 (cost-scale) intern={'indications': False, 'general': True}
2026-08-29T01:43:44 COORD soft last 14 PF 0.55<1.10 (1.00=neutral 1.10=+1×cost); prev PF 0.55<0.94 (cost-scale) intern={'indications': False, 'general': True}
2026-08-29T01:44:29 COORD soft last 14 PF 0.55<1.10 (1.00=neutral 1.10=+1×cost); prev PF 0.55<0.94 (cost-scale) intern={'indications': False, 'general': True}
2026-08-29T01:45:14 COORD soft last 14 PF 0.55<1.10 (1.00=neutral 1.10=+1×cost); prev PF 0.55<0.94 (cost-scale) intern={'indications': False, 'general': True}
2026-08-29T01:45:59 COORD soft last 14 PF 0.55<1.10 (1.00=neutral 1.10=+1×cost); prev PF 0.55<0.94 (cost-scale) intern={'indications': False, 'general': True}
2026-08-29T01:46:44 COORD soft last 14 PF 0.55<1.10 (1.00=neutral 1.10=+1×cost); prev PF 0.55<0.94 (cost-scale) intern={'indications': True, 'general': True}
2026-08-29T01:47:29 COORD soft last 14 PF 0.55<1.10 (1.00=neutral 1.10=+1×cost); prev PF 0.55<0.94 (cost-scale) intern={'indications': False, 'general': True}
2026-08-29T01:48:14 COORD soft last 14 PF 0.55<1.10 (1.00=neutral 1.10=+1×cost); prev PF 0.55<0.94 (cost-scale) intern={'indications': False, 'general': True}
2026-08-29T01:48:59 COORD soft last 14 PF 0.55<1.10 (1.00=neutral 1.10=+1×cost); prev PF 0.55<0.94 (cost-scale) intern={'indications': False, 'general': True}
2026-08-29T01:49:44 COORD soft last 14 PF 0.55<1.10 (1.00=neutral 1.10=+1×cost); prev PF 0.55<0.94 (cost-scale) intern={'indications': False, 'general': True}
2026-08-29T01:50:29 COORD soft last 14 PF 0.55<1.10 (1.00=neutral 1.10=+1×cost); prev PF 0.55<0.94 (cost-scale) intern={'indications': True, 'general': True}
2026-08-29T01:51:14 COORD soft last 14 PF 0.55<1.10 (1.00=neutral 1.10=+1×cost); prev PF 0.55<0.94 (cost-scale) intern={'indications': True, 'general': True}
2026-08-29T01:52:00 COORD soft last 14 PF 0.55<1.10 (1.00=neutral 1.10=+1×cost); prev PF 0.55<0.94 (cost-scale) intern={'indications': True, 'general': True}
2026-08-29T01:52:31 CTRL sec-tp ACT-USDT LONG TAKE_PROFIT_MARKET sec=1 closePos=True qty=356.73 @0.011534 oid=2093486920218284032
2026-08-29T01:52:45 COORD soft last 14 PF 0.55<1.10 (1.00=neutral 1.10=+1×cost); prev PF 0.55<0.94 (cost-scale) intern={'indications': True, 'general': True}
2026-08-29T01:53:30 COORD soft last 14 PF 0.55<1.10 (1.00=neutral 1.10=+1×cost); prev PF 0.55<0.94 (cost-scale) intern={'indications': True, 'general': True}
2026-08-29T01:54:15 COORD soft last 14 PF 0.55<1.10 (1.00=neutral 1.10=+1×cost); prev PF 0.55<0.94 (cost-scale) intern={'indications': True, 'general': True}
2026-08-29T01:55:00 COORD soft last 14 PF 0.55<1.10 (1.00=neutral 1.10=+1×cost); prev PF 0.55<0.94 (cost-scale) intern={'indications': True, 'general': True}
2026-08-29T01:55:45 COORD soft last 14 PF 0.55<1.10 (1.00=neutral 1.10=+1×cost); prev PF 0.55<0.94 (cost-scale) intern={'indications': True, 'general': True}
2026-08-29T01:56:30 COORD soft last 14 PF 0.55<1.10 (1.00=neutral 1.10=+1×cost); prev PF 0.55<0.94 (cost-scale) intern={'indications': True, 'general': True}
2026-08-29T01:57:15 COORD soft last 14 PF 0.55<1.10 (1.00=neutral 1.10=+1×cost); prev PF 0.55<0.94 (cost-scale) intern={'indications': True, 'general': True}
2026-08-29T01:58:00 COORD soft last 14 PF 0.55<1.10 (1.00=neutral 1.10=+1×cost); prev PF 0.55<0.94 (cost-scale) intern={'indications': True, 'general': True}
2026-08-29T01:58:45 COORD soft last 14 PF 0.55<1.10 (1.00=neutral 1.10=+1×cost); prev PF 0.55<0.94 (cost-scale) intern={'indications': True, 'general': True}
2026-08-29T01:59:30 COORD soft last 14 PF 0.55<1.10 (1.00=neutral 1.10=+1×cost); prev PF 0.55<0.94 (cost-scale) intern={'indications': True, 'general': True}
2026-08-29T02:00:16 COORD soft last 14 PF 0.55<1.10 (1.00=neutral 1.10=+1×cost); prev PF 0.55<0.94 (cost-scale) intern={'indications': True, 'general': True}
2026-08-29T02:01:01 COORD soft last 14 PF 0.55<1.10 (1.00=neutral 1.10=+1×cost); prev PF 0.55<0.94 (cost-scale) intern={'indications': True, 'general': True}
2026-08-29T02:01:46 COORD soft last 14 PF 0.55<1.10 (1.00=neutral 1.10=+1×cost); prev PF 0.55<0.94 (cost-scale) intern={'indications': True, 'general': True}
2026-08-29T02:02:31 COORD soft last 14 PF 0.55<1.10 (1.00=neutral 1.10=+1×cost); prev PF 0.55<0.94 (cost-scale) intern={'indications': True, 'general': True}
2026-08-29T02:03:16 COORD soft last 14 PF 0.55<1.10 (1.00=neutral 1.10=+1×cost); prev PF 0.55<0.94 (cost-scale) intern={'indications': True, 'general': True}
2026-08-29T02:04:01 COORD soft last 14 PF 0.55<1.10 (1.00=neutral 1.10=+1×cost); prev PF 0.55<0.94 (cost-scale) intern={'indications': True, 'general': True}
2026-08-29T02:04:08 CTRL sec-tp ACT-USDT LONG TAKE_PROFIT_MARKET sec=1 closePos=True qty=356.73 @0.011578 oid=2093489841546825728
2026-08-29T02:04:46 COORD soft last 14 PF 0.55<1.10 (1.00=neutral 1.10=+1×cost); prev PF 0.55<0.94 (cost-scale) intern={'indications': True, 'general': True}
2026-08-29T02:05:31 COORD soft last 14 PF 0.55<1.10 (1.00=neutral 1.10=+1×cost); prev PF 0.55<0.94 (cost-scale) intern={'indications': True, 'general': True}
2026-08-29T02:06:16 COORD soft last 14 PF 0.55<1.10 (1.00=neutral 1.10=+1×cost); prev PF 0.55<0.94 (cost-scale) intern={'indications': True, 'general': True}
2026-08-29T02:07:01 COORD soft last 14 PF 0.55<1.10 (1.00=neutral 1.10=+1×cost); prev PF 0.55<0.94 (cost-scale) intern={'indications': True, 'general': True}
2026-08-29T02:07:46 COORD soft last 14 PF 0.55<1.10 (1.00=neutral 1.10=+1×cost); prev PF 0.55<0.94 (cost-scale) intern={'indications': True, 'general': True}
2026-08-29T02:08:31 COORD soft last 14 PF 0.55<1.10 (1.00=neutral 1.10=+1×cost); prev PF 0.55<0.94 (cost-scale) intern={'indications': True, 'general': True}
2026-08-29T02:09:16 COORD soft last 14 PF 0.55<1.10 (1.00=neutral 1.10=+1×cost); prev PF 0.55<0.94 (cost-scale) intern={'indications': True, 'general': True}
2026-08-29T02:10:01 COORD soft last 14 PF 0.55<1.10 (1.00=neutral 1.10=+1×cost); prev PF 0.55<0.94 (cost-scale) intern={'indications': True, 'general': True}
2026-08-29T02:10:47 COORD soft last 14 PF 0.55<1.10 (1.00=neutral 1.10=+1×cost); prev PF 0.55<0.94 (cost-scale) intern={'indications': True, 'general': True}
2026-08-29T02:11:32 COORD soft last 14 PF 0.55<1.10 (1.00=neutral 1.10=+1×cost); prev PF 0.55<0.94 (cost-scale) intern={'indications': True, 'general': True}
2026-08-29T02:12:17 COORD soft last 14 PF 0.55<1.10 (1.00=neutral 1.10=+1×cost); prev PF 0.55<0.94 (cost-scale) intern={'indications': True, 'general': True}
2026-08-29T02:13:02 COORD soft last 14 PF 0.55<1.10 (1.00=neutral 1.10=+1×cost); prev PF 0.55<0.94 (cost-scale) intern={'indications': True, 'general': True}
2026-08-29T02:13:47 COORD soft last 14 PF 0.55<1.10 (1.00=neutral 1.10=+1×cost); prev PF 0.55<0.94 (cost-scale) intern={'indications': True, 'general': True}
2026-08-29T02:14:32 COORD soft last 14 PF 0.55<1.10 (1.00=neutral 1.10=+1×cost); prev PF 0.55<0.94 (cost-scale) intern={'indications': True, 'general': True}
2026-08-29T02:15:17 COORD soft last 14 PF 0.55<1.10 (1.00=neutral 1.10=+1×cost); prev PF 0.55<0.94 (cost-scale) intern={'indications': True, 'general': True}
2026-08-29T02:16:02 COORD soft last 14 PF 0.55<1.10 (1.00=neutral 1.10=+1×cost); prev PF 0.55<0.94 (cost-scale) intern={'indications': True, 'general': True}
2026-08-29T02:16:47 COORD soft last 14 PF 0.55<1.10 (1.00=neutral 1.10=+1×cost); prev PF 0.55<0.94 (cost-scale) intern={'indications': True, 'general': True}
2026-08-29T02:17:32 COORD soft last 14 PF 0.55<1.10 (1.00=neutral 1.10=+1×cost); prev PF 0.55<0.94 (cost-scale) intern={'indications': True, 'general': True}
2026-08-29T02:18:17 COORD soft last 14 PF 0.55<1.10 (1.00=neutral 1.10=+1×cost); prev PF 0.55<0.94 (cost-scale) intern={'indications': True, 'general': True}
2026-08-29T02:19:02 COORD soft last 14 PF 0.55<1.10 (1.00=neutral 1.10=+1×cost); prev PF 0.55<0.94 (cost-scale) intern={'indications': True, 'general': True}
2026-08-29T02:19:48 COORD soft last 14 PF 0.55<1.10 (1.00=neutral 1.10=+1×cost); prev PF 0.55<0.94 (cost-scale) intern={'indications': True, 'general': True}
2026-08-29T02:20:33 COORD soft last 14 PF 0.55<1.10 (1.00=neutral 1.10=+1×cost); prev PF 0.55<0.94 (cost-scale) intern={'indications': True, 'general': True}
2026-08-29T02:21:18 COORD soft last 14 PF 0.55<1.10 (1.00=neutral 1.10=+1×cost); prev PF 0.55<0.94 (cost-scale) intern={'indications': True, 'general': True}
2026-08-29T02:22:03 COORD soft last 14 PF 0.55<1.10 (1.00=neutral 1.10=+1×cost); prev PF 0.55<0.94 (cost-scale) intern={'indications': True, 'general': True}
2026-08-29T02:22:19 CTRL sec-sl 1000000MOG-USDT SHORT STOP_MARKET sec=1 closePos=True qty=35.336 @0.1164 oid=2093494419432509440
2026-08-29T02:22:19 TEST FAIL qa-ctrl-range range ok=0
2026-08-29T02:22:48 COORD soft last 14 PF 0.55<1.10 (1.00=neutral 1.10=+1×cost); prev PF 0.55<0.94 (cost-scale) intern={'indications': True, 'general': True}
2026-08-29T02:23:33 COORD soft last 14 PF 0.55<1.10 (1.00=neutral 1.10=+1×cost); prev PF 0.55<0.94 (cost-scale) intern={'indications': True, 'general': True}
2026-08-29T02:24:18 COORD soft last 14 PF 0.55<1.10 (1.00=neutral 1.10=+1×cost); prev PF 0.55<0.94 (cost-scale) intern={'indications': True, 'general': True}
2026-08-29T02:25:03 COORD soft last 14 PF 0.55<1.10 (1.00=neutral 1.10=+1×cost); prev PF 0.55<0.94 (cost-scale) intern={'indications': True, 'general': True}
2026-08-29T02:25:49 COORD soft last 14 PF 0.55<1.10 (1.00=neutral 1.10=+1×cost); prev PF 0.55<0.94 (cost-scale) intern={'indications': True, 'general': True}
2026-08-29T02:26:34 COORD soft last 14 PF 0.55<1.10 (1.00=neutral 1.10=+1×cost); prev PF 0.55<0.94 (cost-scale) intern={'indications': True, 'general': True}
2026-08-29T02:27:19 COORD soft last 14 PF 0.55<1.10 (1.00=neutral 1.10=+1×cost); prev PF 0.55<0.94 (cost-scale) intern={'indications': True, 'general': True}
2026-08-29T02:28:05 COORD soft last 14 PF 0.55<1.10 (1.00=neutral 1.10=+1×cost); prev PF 0.55<0.94 (cost-scale) intern={'indications': True, 'general': True}
2026-08-29T02:28:50 COORD soft last 14 PF 0.55<1.10 (1.00=neutral 1.10=+1×cost); prev PF 0.55<0.94 (cost-scale) intern={'indications': True, 'general': True}
2026-08-29T02:29:35 COORD soft last 14 PF 0.55<1.10 (1.00=neutral 1.10=+1×cost); prev PF 0.55<0.94 (cost-scale) intern={'indications': True, 'general': True}
2026-08-29T02:30:20 COORD soft last 14 PF 0.55<1.10 (1.00=neutral 1.10=+1×cost); prev PF 0.55<0.94 (cost-scale) intern={'indications': True, 'general': True}
2026-08-29T02:31:05 COORD soft last 14 PF 0.55<1.10 (1.00=neutral 1.10=+1×cost); prev PF 0.55<0.94 (cost-scale) intern={'indications': True, 'general': True}
2026-08-29T02:31:50 COORD soft last 14 PF 0.55<1.10 (1.00=neutral 1.10=+1×cost); prev PF 0.55<0.94 (cost-scale) intern={'indications': True, 'general': True}
2026-08-29T02:32:35 COORD soft last 14 PF 0.55<1.10 (1.00=neutral 1.10=+1×cost); prev PF 0.55<0.94 (cost-scale) intern={'indications': True, 'general': True}
2026-08-29T02:33:21 COORD soft last 14 PF 0.55<1.10 (1.00=neutral 1.10=+1×cost); prev PF 0.55<0.94 (cost-scale) intern={'indications': True, 'general': True}
2026-08-29T02:34:06 COORD soft last 14 PF 0.55<1.10 (1.00=neutral 1.10=+1×cost); prev PF 0.55<0.94 (cost-scale) intern={'indications': True, 'general': True}
2026-08-29T02:34:51 COORD soft last 14 PF 0.55<1.10 (1.00=neutral 1.10=+1×cost); prev PF 0.55<0.94 (cost-scale) intern={'indications': True, 'general': True}
2026-08-29T02:35:36 COORD soft last 14 PF 0.55<1.10 (1.00=neutral 1.10=+1×cost); prev PF 0.55<0.94 (cost-scale) intern={'indications': True, 'general': True}
2026-08-29T02:36:21 COORD soft last 14 PF 0.55<1.10 (1.00=neutral 1.10=+1×cost); prev PF 0.55<0.94 (cost-scale) intern={'indications': True, 'general': True}
2026-08-29T02:37:06 COORD soft last 14 PF 0.55<1.10 (1.00=neutral 1.10=+1×cost); prev PF 0.55<0.94 (cost-scale) intern={'indications': True, 'general': True}
2026-08-29T02:37:51 COORD soft last 14 PF 0.55<1.10 (1.00=neutral 1.10=+1×cost); prev PF 0.55<0.94 (cost-scale) intern={'indications': True, 'general': True}
2026-08-29T02:38:36 COORD soft last 14 PF 0.55<1.10 (1.00=neutral 1.10=+1×cost); prev PF 0.55<0.94 (cost-scale) intern={'indications': False, 'general': True}
2026-08-29T02:39:21 COORD soft last 14 PF 0.55<1.10 (1.00=neutral 1.10=+1×cost); prev PF 0.55<0.94 (cost-scale) intern={'indications': False, 'general': True}
2026-08-29T02:40:06 COORD soft last 14 PF 0.55<1.10 (1.00=neutral 1.10=+1×cost); prev PF 0.55<0.94 (cost-scale) intern={'indications': False, 'general': True}
2026-08-29T02:40:51 COORD soft last 14 PF 0.55<1.10 (1.00=neutral 1.10=+1×cost); prev PF 0.55<0.94 (cost-scale) intern={'indications': False, 'general': True}
2026-08-29T02:41:36 COORD soft last 14 PF 0.55<1.10 (1.00=neutral 1.10=+1×cost); prev PF 0.55<0.94 (cost-scale) intern={'indications': False, 'general': True}
2026-08-29T02:42:21 COORD soft last 14 PF 0.55<1.10 (1.00=neutral 1.10=+1×cost); prev PF 0.55<0.94 (cost-scale) intern={'indications': False, 'general': True}
2026-08-29T02:43:06 COORD soft last 14 PF 0.55<1.10 (1.00=neutral 1.10=+1×cost); prev PF 0.55<0.94 (cost-scale) intern={'indications': False, 'general': True}
2026-08-29T02:43:44 CTRL sec-tp ACT-USDT LONG TAKE_PROFIT_MARKET sec=1 closePos=True qty=356.73 @0.011625 oid=2093499808316231680
2026-08-29T02:43:52 COORD soft last 14 PF 0.55<1.10 (1.00=neutral 1.10=+1×cost); prev PF 0.55<0.94 (cost-scale) intern={'indications': False, 'general': True}
2026-08-29T02:44:37 COORD soft last 14 PF 0.55<1.10 (1.00=neutral 1.10=+1×cost); prev PF 0.55<0.94 (cost-scale) intern={'indications': True, 'general': True}
2026-08-29T02:45:22 COORD soft last 14 PF 0.55<1.10 (1.00=neutral 1.10=+1×cost); prev PF 0.55<0.94 (cost-scale) intern={'indications': False, 'general': True}
2026-08-29T02:46:08 COORD soft last 14 PF 0.55<1.10 (1.00=neutral 1.10=+1×cost); prev PF 0.55<0.94 (cost-scale) intern={'indications': False, 'general': True}
2026-08-29T02:46:53 COORD soft last 14 PF 0.55<1.10 (1.00=neutral 1.10=+1×cost); prev PF 0.55<0.94 (cost-scale) intern={'indications': False, 'general': True}
2026-08-29T02:47:38 COORD soft last 14 PF 0.55<1.10 (1.00=neutral 1.10=+1×cost); prev PF 0.55<0.94 (cost-scale) intern={'indications': False, 'general': True}
2026-08-29T02:48:23 COORD soft last 14 PF 0.55<1.10 (1.00=neutral 1.10=+1×cost); prev PF 0.55<0.94 (cost-scale) intern={'indications': True, 'general': True}
2026-08-29T02:49:08 COORD soft last 14 PF 0.55<1.10 (1.00=neutral 1.10=+1×cost); prev PF 0.55<0.94 (cost-scale) intern={'indications': True, 'general': True}
2026-08-29T02:49:19 CTRL sec-sl TWT-USDT LONG STOP_MARKET sec=1 closePos=True qty=10.0 @0.4437 oid=2093501213093498880
2026-08-29T02:49:53 COORD soft last 14 PF 0.55<1.10 (1.00=neutral 1.10=+1×cost); prev PF 0.55<0.94 (cost-scale) intern={'indications': True, 'general': True}
2026-08-29T02:50:38 COORD soft last 14 PF 0.55<1.10 (1.00=neutral 1.10=+1×cost); prev PF 0.55<0.94 (cost-scale) intern={'indications': True, 'general': True}
2026-08-29T02:51:23 COORD soft last 14 PF 0.55<1.10 (1.00=neutral 1.10=+1×cost); prev PF 0.55<0.94 (cost-scale) intern={'indications': True, 'general': True}
2026-08-29T02:52:08 COORD soft last 14 PF 0.55<1.10 (1.00=neutral 1.10=+1×cost); prev PF 0.55<0.94 (cost-scale) intern={'indications': True, 'general': True}
2026-08-29T02:52:53 COORD soft last 14 PF 0.55<1.10 (1.00=neutral 1.10=+1×cost); prev PF 0.55<0.94 (cost-scale) intern={'indications': True, 'general': True}
2026-08-29T02:53:38 COORD soft last 14 PF 0.55<1.10 (1.00=neutral 1.10=+1×cost); prev PF 0.55<0.94 (cost-scale) intern={'indications': True, 'general': True}
2026-08-29T02:54:24 COORD soft last 14 PF 0.55<1.10 (1.00=neutral 1.10=+1×cost); prev PF 0.55<0.94 (cost-scale) intern={'indications': True, 'general': True}
2026-08-29T02:55:09 COORD soft last 14 PF 0.55<1.10 (1.00=neutral 1.10=+1×cost); prev PF 0.55<0.94 (cost-scale) intern={'indications': True, 'general': True}
2026-08-29T02:55:54 COORD soft last 14 PF 0.55<1.10 (1.00=neutral 1.10=+1×cost); prev PF 0.55<0.94 (cost-scale) intern={'indications': True, 'general': True}
2026-08-29T02:56:39 COORD soft last 14 PF 0.55<1.10 (1.00=neutral 1.10=+1×cost); prev PF 0.55<0.94 (cost-scale) intern={'indications': True, 'general': True}
2026-08-29T02:57:24 COORD soft last 14 PF 0.55<1.10 (1.00=neutral 1.10=+1×cost); prev PF 0.55<0.94 (cost-scale) intern={'indications': True, 'general': True}
2026-08-29T02:58:09 COORD soft last 14 PF 0.55<1.10 (1.00=neutral 1.10=+1×cost); prev PF 0.55<0.94 (cost-scale) intern={'indications': True, 'general': True}
2026-08-29T02:58:54 COORD soft last 14 PF 0.55<1.10 (1.00=neutral 1.10=+1×cost); prev PF 0.55<0.94 (cost-scale) intern={'indications': True, 'general': True}
2026-08-29T02:59:39 COORD soft last 14 PF 0.55<1.10 (1.00=neutral 1.10=+1×cost); prev PF 0.55<0.94 (cost-scale) intern={'indications': True, 'general': True}
2026-08-29T03:00:25 COORD soft last 14 PF 0.55<1.10 (1.00=neutral 1.10=+1×cost); prev PF 0.55<0.94 (cost-scale) intern={'indications': True, 'general': True}
2026-08-29T03:01:10 COORD soft last 14 PF 0.55<1.10 (1.00=neutral 1.10=+1×cost); prev PF 0.55<0.94 (cost-scale) intern={'indications': True, 'general': True}
2026-08-29T03:01:55 COORD soft last 14 PF 0.55<1.10 (1.00=neutral 1.10=+1×cost); prev PF 0.55<0.94 (cost-scale) intern={'indications': True, 'general': True}
2026-08-29T03:02:04 CTRL sec-sl 1000CAT-USDT LONG STOP_MARKET sec=1 closePos=True qty=2074.0 @0.001903 oid=2093504421459234816
2026-08-29T03:02:40 COORD soft last 14 PF 0.55<1.10 (1.00=neutral 1.10=+1×cost); prev PF 0.55<0.94 (cost-scale) intern={'indications': True, 'general': True}
2026-08-29T03:03:25 COORD soft last 14 PF 0.55<1.10 (1.00=neutral 1.10=+1×cost); prev PF 0.55<0.94 (cost-scale) intern={'indications': True, 'general': True}
2026-08-29T03:04:10 COORD soft last 14 PF 0.55<1.10 (1.00=neutral 1.10=+1×cost); prev PF 0.55<0.94 (cost-scale) intern={'indications': True, 'general': True}
2026-08-29T03:04:55 COORD soft last 14 PF 0.55<1.10 (1.00=neutral 1.10=+1×cost); prev PF 0.55<0.94 (cost-scale) intern={'indications': True, 'general': True}
2026-08-29T03:05:40 COORD soft last 14 PF 0.55<1.10 (1.00=neutral 1.10=+1×cost); prev PF 0.55<0.94 (cost-scale) intern={'indications': True, 'general': True}
2026-08-29T03:06:25 COORD soft last 14 PF 0.55<1.10 (1.00=neutral 1.10=+1×cost); prev PF 0.55<0.94 (cost-scale) intern={'indications': True, 'general': True}
2026-08-29T03:07:10 COORD soft last 14 PF 0.55<1.10 (1.00=neutral 1.10=+1×cost); prev PF 0.55<0.94 (cost-scale) intern={'indications': True, 'general': True}
2026-08-29T03:07:55 COORD soft last 14 PF 0.55<1.10 (1.00=neutral 1.10=+1×cost); prev PF 0.55<0.94 (cost-scale) intern={'indications': True, 'general': True}
2026-08-29T03:08:40 COORD soft last 14 PF 0.55<1.10 (1.00=neutral 1.10=+1×cost); prev PF 0.55<0.94 (cost-scale) intern={'indications': True, 'general': True}
2026-08-29T03:09:25 COORD soft last 14 PF 0.55<1.10 (1.00=neutral 1.10=+1×cost); prev PF 0.55<0.94 (cost-scale) intern={'indications': True, 'general': True}
2026-08-29T03:10:10 COORD soft last 14 PF 0.55<1.10 (1.00=neutral 1.10=+1×cost); prev PF 0.55<0.94 (cost-scale) intern={'indications': True, 'general': True}
2026-08-29T03:10:55 COORD soft last 14 PF 0.55<1.10 (1.00=neutral 1.10=+1×cost); prev PF 0.55<0.94 (cost-scale) intern={'indications': True, 'general': True}
2026-08-29T03:11:41 COORD soft last 14 PF 0.55<1.10 (1.00=neutral 1.10=+1×cost); prev PF 0.55<0.94 (cost-scale) intern={'indications': True, 'general': True}
2026-08-29T03:12:26 COORD soft last 14 PF 0.55<1.10 (1.00=neutral 1.10=+1×cost); prev PF 0.55<0.94 (cost-scale) intern={'indications': True, 'general': False}
2026-08-29T03:13:11 COORD soft last 14 PF 0.55<1.10 (1.00=neutral 1.10=+1×cost); prev PF 0.55<0.94 (cost-scale) intern={'indications': True, 'general': False}
2026-08-29T03:13:56 COORD soft last 14 PF 0.55<1.10 (1.00=neutral 1.10=+1×cost); prev PF 0.55<0.94 (cost-scale) intern={'indications': True, 'general': False}
2026-08-29T03:14:41 COORD soft last 14 PF 0.55<1.10 (1.00=neutral 1.10=+1×cost); prev PF 0.55<0.94 (cost-scale) intern={'indications': True, 'general': False}
2026-08-29T03:15:26 COORD soft last 14 PF 0.55<1.10 (1.00=neutral 1.10=+1×cost); prev PF 0.55<0.94 (cost-scale) intern={'indications': True, 'general': True}
2026-08-29T03:16:11 COORD soft last 14 PF 0.55<1.10 (1.00=neutral 1.10=+1×cost); prev PF 0.55<0.94 (cost-scale) intern={'indications': True, 'general': True}
2026-08-29T03:16:56 COORD soft last 14 PF 0.55<1.10 (1.00=neutral 1.10=+1×cost); prev PF 0.55<0.94 (cost-scale) intern={'indications': True, 'general': True}
2026-08-29T03:17:41 COORD soft last 14 PF 0.55<1.10 (1.00=neutral 1.10=+1×cost); prev PF 0.55<0.94 (cost-scale) intern={'indications': True, 'general': True}
2026-08-29T03:18:26 COORD soft last 14 PF 0.55<1.10 (1.00=neutral 1.10=+1×cost); prev PF 0.55<0.94 (cost-scale) intern={'indications': True, 'general': True}
2026-08-29T03:19:11 COORD soft last 14 PF 0.55<1.10 (1.00=neutral 1.10=+1×cost); prev PF 0.55<0.94 (cost-scale) intern={'indications': True, 'general': True}
2026-08-29T03:19:56 COORD soft last 14 PF 0.55<1.10 (1.00=neutral 1.10=+1×cost); prev PF 0.55<0.94 (cost-scale) intern={'indications': True, 'general': True}
2026-08-29T03:20:41 COORD soft last 14 PF 0.55<1.10 (1.00=neutral 1.10=+1×cost); prev PF 0.55<0.94 (cost-scale) intern={'indications': True, 'general': True}
2026-08-29T03:21:27 COORD soft last 14 PF 0.55<1.10 (1.00=neutral 1.10=+1×cost); prev PF 0.55<0.94 (cost-scale) intern={'indications': True, 'general': True}
2026-08-29T03:22:12 COORD soft last 14 PF 0.55<1.10 (1.00=neutral 1.10=+1×cost); prev PF 0.55<0.94 (cost-scale) intern={'indications': True, 'general': True}
2026-08-29T03:22:57 COORD soft last 14 PF 0.55<1.10 (1.00=neutral 1.10=+1×cost); prev PF 0.55<0.94 (cost-scale) intern={'indications': True, 'general': True}
2026-08-29T03:23:42 COORD soft last 14 PF 0.55<1.10 (1.00=neutral 1.10=+1×cost); prev PF 0.55<0.94 (cost-scale) intern={'indications': True, 'general': True}
2026-08-29T03:24:27 COORD soft last 14 PF 0.55<1.10 (1.00=neutral 1.10=+1×cost); prev PF 0.55<0.94 (cost-scale) intern={'indications': True, 'general': True}
2026-08-29T03:25:12 COORD soft last 14 PF 0.55<1.10 (1.00=neutral 1.10=+1×cost); prev PF 0.55<0.94 (cost-scale) intern={'indications': True, 'general': True}
2026-08-29T03:25:57 COORD soft last 14 PF 0.55<1.10 (1.00=neutral 1.10=+1×cost); prev PF 0.55<0.94 (cost-scale) intern={'indications': True, 'general': True}
2026-08-29T03:26:42 COORD soft last 14 PF 0.55<1.10 (1.00=neutral 1.10=+1×cost); prev PF 0.55<0.94 (cost-scale) intern={'indications': True, 'general': True}
2026-08-29T03:27:27 COORD soft last 14 PF 0.55<1.10 (1.00=neutral 1.10=+1×cost); prev PF 0.55<0.94 (cost-scale) intern={'indications': True, 'general': True}
2026-08-29T03:28:13 COORD soft last 14 PF 0.55<1.10 (1.00=neutral 1.10=+1×cost); prev PF 0.55<0.94 (cost-scale) intern={'indications': True, 'general': True}
2026-08-29T03:28:58 COORD soft last 14 PF 0.55<1.10 (1.00=neutral 1.10=+1×cost); prev PF 0.55<0.94 (cost-scale) intern={'indications': True, 'general': True}
2026-08-29T03:29:43 COORD soft last 14 PF 0.55<1.10 (1.00=neutral 1.10=+1×cost); prev PF 0.55<0.94 (cost-scale) intern={'indications': True, 'general': True}
2026-08-29T03:30:28 COORD soft last 14 PF 0.55<1.10 (1.00=neutral 1.10=+1×cost); prev PF 0.55<0.94 (cost-scale) intern={'indications': True, 'general': True}
2026-08-29T03:31:13 COORD soft last 14 PF 0.55<1.10 (1.00=neutral 1.10=+1×cost); prev PF 0.55<0.94 (cost-scale) intern={'indications': True, 'general': True}
2026-08-29T03:31:58 COORD soft last 14 PF 0.55<1.10 (1.00=neutral 1.10=+1×cost); prev PF 0.55<0.94 (cost-scale) intern={'indications': True, 'general': True}
2026-08-29T03:32:43 COORD soft last 14 PF 0.55<1.10 (1.00=neutral 1.10=+1×cost); prev PF 0.55<0.94 (cost-scale) intern={'indications': True, 'general': False}
2026-08-29T03:33:28 COORD soft last 14 PF 0.55<1.10 (1.00=neutral 1.10=+1×cost); prev PF 0.55<0.94 (cost-scale) intern={'indications': True, 'general': False}
2026-08-29T03:34:13 COORD soft last 14 PF 0.55<1.10 (1.00=neutral 1.10=+1×cost); prev PF 0.55<0.94 (cost-scale) intern={'indications': True, 'general': False}
2026-08-29T03:34:58 COORD soft last 14 PF 0.55<1.10 (1.00=neutral 1.10=+1×cost); prev PF 0.55<0.94 (cost-scale) intern={'indications': True, 'general': False}
2026-08-29T03:35:39 LEV ZRX-USDT x50 max=50
2026-08-29T03:35:43 COORD soft last 14 PF 0.55<1.10 (1.00=neutral 1.10=+1×cost); prev PF 0.55<0.94 (cost-scale) intern={'indications': True, 'general': False}
2026-08-29T03:36:28 COORD soft last 14 PF 0.55<1.10 (1.00=neutral 1.10=+1×cost); prev PF 0.55<0.94 (cost-scale) intern={'indications': True, 'general': False}
2026-08-29T03:37:13 COORD soft last 14 PF 0.55<1.10 (1.00=neutral 1.10=+1×cost); prev PF 0.55<0.94 (cost-scale) intern={'indications': True, 'general': False}
2026-08-29T03:37:58 COORD soft last 14 PF 0.55<1.10 (1.00=neutral 1.10=+1×cost); prev PF 0.55<0.94 (cost-scale) intern={'indications': True, 'general': False}
2026-08-29T03:38:43 COORD soft last 14 PF 0.55<1.10 (1.00=neutral 1.10=+1×cost); prev PF 0.55<0.94 (cost-scale) intern={'indications': True, 'general': False}
2026-08-29T03:39:28 COORD soft last 14 PF 0.55<1.10 (1.00=neutral 1.10=+1×cost); prev PF 0.55<0.94 (cost-scale) intern={'indications': True, 'general': True}
2026-08-29T03:40:14 COORD soft last 14 PF 0.55<1.10 (1.00=neutral 1.10=+1×cost); prev PF 0.55<0.94 (cost-scale) intern={'indications': True, 'general': False}
2026-08-29T03:40:59 COORD soft last 14 PF 0.55<1.10 (1.00=neutral 1.10=+1×cost); prev PF 0.55<0.94 (cost-scale) intern={'indications': True, 'general': False}
2026-08-29T03:41:44 COORD soft last 14 PF 0.55<1.10 (1.00=neutral 1.10=+1×cost); prev PF 0.55<0.94 (cost-scale) intern={'indications': True, 'general': False}
2026-08-29T03:42:29 COORD soft last 14 PF 0.55<1.10 (1.00=neutral 1.10=+1×cost); prev PF 0.55<0.94 (cost-scale) intern={'indications': True, 'general': False}
2026-08-29T03:43:14 COORD soft last 14 PF 0.55<1.10 (1.00=neutral 1.10=+1×cost); prev PF 0.55<0.94 (cost-scale) intern={'indications': True, 'general': False}
2026-08-29T03:43:59 COORD soft last 14 PF 0.55<1.10 (1.00=neutral 1.10=+1×cost); prev PF 0.55<0.94 (cost-scale) intern={'indications': True, 'general': False}
2026-08-29T03:44:44 COORD soft last 14 PF 0.55<1.10 (1.00=neutral 1.10=+1×cost); prev PF 0.55<0.94 (cost-scale) intern={'indications': True, 'general': False}
2026-08-29T03:45:29 COORD soft last 14 PF 0.55<1.10 (1.00=neutral 1.10=+1×cost); prev PF 0.55<0.94 (cost-scale) intern={'indications': True, 'general': False}
2026-08-29T03:45:34 CTRL sec-sl NMR-USDT LONG STOP_MARKET sec=1 closePos=True qty=0.3 @8.901 oid=2093515369439924224
2026-08-29T03:46:14 COORD soft last 14 PF 0.55<1.10 (1.00=neutral 1.10=+1×cost); prev PF 0.55<0.94 (cost-scale) intern={'indications': True, 'general': True}
2026-08-29T03:47:00 COORD soft last 14 PF 0.55<1.10 (1.00=neutral 1.10=+1×cost); prev PF 0.55<0.94 (cost-scale) intern={'indications': True, 'general': False}
2026-08-29T03:47:45 COORD soft last 14 PF 0.55<1.10 (1.00=neutral 1.10=+1×cost); prev PF 0.55<0.94 (cost-scale) intern={'indications': True, 'general': False}
2026-08-29T03:48:30 COORD soft last 14 PF 0.55<1.10 (1.00=neutral 1.10=+1×cost); prev PF 0.55<0.94 (cost-scale) intern={'indications': True, 'general': False}
2026-08-29T03:49:15 COORD soft last 14 PF 0.55<1.10 (1.00=neutral 1.10=+1×cost); prev PF 0.55<0.94 (cost-scale) intern={'indications': True, 'general': False}
2026-08-29T03:50:00 COORD soft last 14 PF 0.55<1.10 (1.00=neutral 1.10=+1×cost); prev PF 0.55<0.94 (cost-scale) intern={'indications': True, 'general': False}
2026-08-29T03:50:30 LEV 1000PEPE-USDT x300 max=300
2026-08-29T03:50:45 COORD soft last 14 PF 0.55<1.10 (1.00=neutral 1.10=+1×cost); prev PF 0.55<0.94 (cost-scale) intern={'indications': True, 'general': False}
2026-08-29T03:51:30 COORD soft last 14 PF 0.55<1.10 (1.00=neutral 1.10=+1×cost); prev PF 0.55<0.94 (cost-scale) intern={'indications': True, 'general': False}
2026-08-29T03:52:15 COORD soft last 14 PF 0.55<1.10 (1.00=neutral 1.10=+1×cost); prev PF 0.55<0.94 (cost-scale) intern={'indications': True, 'general': False}
2026-08-29T03:53:00 COORD soft last 14 PF 0.55<1.10 (1.00=neutral 1.10=+1×cost); prev PF 0.55<0.94 (cost-scale) intern={'indications': True, 'general': True}
2026-08-29T03:53:45 COORD soft last 14 PF 0.55<1.10 (1.00=neutral 1.10=+1×cost); prev PF 0.55<0.94 (cost-scale) intern={'indications': True, 'general': True}
2026-08-29T03:54:30 COORD soft last 14 PF 0.55<1.10 (1.00=neutral 1.10=+1×cost); prev PF 0.55<0.94 (cost-scale) intern={'indications': True, 'general': True}
2026-08-29T03:55:16 COORD soft last 14 PF 0.55<1.10 (1.00=neutral 1.10=+1×cost); prev PF 0.55<0.94 (cost-scale) intern={'indications': True, 'general': True}
2026-08-29T03:56:01 COORD soft last 14 PF 0.55<1.10 (1.00=neutral 1.10=+1×cost); prev PF 0.55<0.94 (cost-scale) intern={'indications': True, 'general': True}
2026-08-29T03:56:46 COORD soft last 14 PF 0.55<1.10 (1.00=neutral 1.10=+1×cost); prev PF 0.55<0.94 (cost-scale) intern={'indications': True, 'general': True}
2026-08-29T03:57:31 COORD soft last 14 PF 0.55<1.10 (1.00=neutral 1.10=+1×cost); prev PF 0.55<0.94 (cost-scale) intern={'indications': True, 'general': True}
2026-08-29T03:58:16 COORD soft last 14 PF 0.55<1.10 (1.00=neutral 1.10=+1×cost); prev PF 0.55<0.94 (cost-scale) intern={'indications': True, 'general': True}
2026-08-29T03:59:01 COORD soft last 14 PF 0.55<1.10 (1.00=neutral 1.10=+1×cost); prev PF 0.55<0.94 (cost-scale) intern={'indications': True, 'general': True}
2026-08-29T03:59:46 COORD soft last 14 PF 0.55<1.10 (1.00=neutral 1.10=+1×cost); prev PF 0.55<0.94 (cost-scale) intern={'indications': True, 'general': True}
2026-08-29T04:00:31 COORD soft last 14 PF 0.55<1.10 (1.00=neutral 1.10=+1×cost); prev PF 0.55<0.94 (cost-scale) intern={'indications': True, 'general': True}
2026-08-29T04:01:16 COORD soft last 14 PF 0.55<1.10 (1.00=neutral 1.10=+1×cost); prev PF 0.55<0.94 (cost-scale) intern={'indications': True, 'general': True}
2026-08-29T04:02:01 COORD soft last 14 PF 0.55<1.10 (1.00=neutral 1.10=+1×cost); prev PF 0.55<0.94 (cost-scale) intern={'indications': True, 'general': True}
2026-08-29T04:02:47 COORD soft last 14 PF 0.55<1.10 (1.00=neutral 1.10=+1×cost); prev PF 0.55<0.94 (cost-scale) intern={'indications': True, 'general': True}
2026-08-29T04:03:32 COORD soft last 14 PF 0.55<1.10 (1.00=neutral 1.10=+1×cost); prev PF 0.55<0.94 (cost-scale) intern={'indications': True, 'general': True}
2026-08-29T04:04:17 COORD soft last 14 PF 0.55<1.10 (1.00=neutral 1.10=+1×cost); prev PF 0.55<0.94 (cost-scale) intern={'indications': True, 'general': True}
2026-08-29T04:05:02 COORD soft last 14 PF 0.55<1.10 (1.00=neutral 1.10=+1×cost); prev PF 0.55<0.94 (cost-scale) intern={'indications': True, 'general': True}
2026-08-29T04:05:47 COORD soft last 14 PF 0.55<1.10 (1.00=neutral 1.10=+1×cost); prev PF 0.55<0.94 (cost-scale) intern={'indications': True, 'general': True}
2026-08-29T04:06:32 COORD soft last 14 PF 0.55<1.10 (1.00=neutral 1.10=+1×cost); prev PF 0.55<0.94 (cost-scale) intern={'indications': True, 'general': True}
2026-08-29T04:07:17 COORD soft last 14 PF 0.55<1.10 (1.00=neutral 1.10=+1×cost); prev PF 0.55<0.94 (cost-scale) intern={'indications': True, 'general': False}
2026-08-29T04:08:02 COORD soft last 14 PF 0.55<1.10 (1.00=neutral 1.10=+1×cost); prev PF 0.55<0.94 (cost-scale) intern={'indications': True, 'general': False}
2026-08-29T04:08:47 COORD soft last 14 PF 0.55<1.10 (1.00=neutral 1.10=+1×cost); prev PF 0.55<0.94 (cost-scale) intern={'indications': True, 'general': False}
2026-08-29T04:09:32 COORD soft last 14 PF 0.55<1.10 (1.00=neutral 1.10=+1×cost); prev PF 0.55<0.94 (cost-scale) intern={'indications': True, 'general': False}
2026-08-29T04:10:17 COORD soft last 14 PF 0.55<1.10 (1.00=neutral 1.10=+1×cost); prev PF 0.55<0.94 (cost-scale) intern={'indications': False, 'general': True}
2026-08-29T04:11:02 COORD soft last 14 PF 0.55<1.10 (1.00=neutral 1.10=+1×cost); prev PF 0.55<0.94 (cost-scale) intern={'indications': False, 'general': True}
2026-08-29T04:11:47 COORD soft last 14 PF 0.55<1.10 (1.00=neutral 1.10=+1×cost); prev PF 0.55<0.94 (cost-scale) intern={'indications': False, 'general': True}
2026-08-29T04:12:32 COORD soft last 14 PF 0.55<1.10 (1.00=neutral 1.10=+1×cost); prev PF 0.55<0.94 (cost-scale) intern={'indications': False, 'general': True}
2026-08-29T04:13:17 COORD soft last 14 PF 0.55<1.10 (1.00=neutral 1.10=+1×cost); prev PF 0.55<0.94 (cost-scale) intern={'indications': True, 'general': True}
2026-08-29T04:14:02 COORD soft last 14 PF 0.55<1.10 (1.00=neutral 1.10=+1×cost); prev PF 0.55<0.94 (cost-scale) intern={'indications': False, 'general': True}
2026-08-29T04:14:48 COORD soft last 14 PF 0.55<1.10 (1.00=neutral 1.10=+1×cost); prev PF 0.55<0.94 (cost-scale) intern={'indications': False, 'general': True}
2026-08-29T04:15:33 COORD soft last 14 PF 0.55<1.10 (1.00=neutral 1.10=+1×cost); prev PF 0.55<0.94 (cost-scale) intern={'indications': False, 'general': True}
2026-08-29T04:16:18 COORD soft last 14 PF 0.55<1.10 (1.00=neutral 1.10=+1×cost); prev PF 0.55<0.94 (cost-scale) intern={'indications': False, 'general': True}
2026-08-29T04:17:03 COORD soft last 14 PF 0.55<1.10 (1.00=neutral 1.10=+1×cost); prev PF 0.55<0.94 (cost-scale) intern={'indications': True, 'general': True}
2026-08-29T04:17:48 COORD soft last 14 PF 0.55<1.10 (1.00=neutral 1.10=+1×cost); prev PF 0.55<0.94 (cost-scale) intern={'indications': True, 'general': True}
2026-08-29T04:18:33 COORD soft last 14 PF 0.55<1.10 (1.00=neutral 1.10=+1×cost); prev PF 0.55<0.94 (cost-scale) intern={'indications': True, 'general': True}
2026-08-29T04:19:18 COORD soft last 14 PF 0.55<1.10 (1.00=neutral 1.10=+1×cost); prev PF 0.55<0.94 (cost-scale) intern={'indications': True, 'general': True}
2026-08-29T04:20:03 COORD soft last 14 PF 0.55<1.10 (1.00=neutral 1.10=+1×cost); prev PF 0.55<0.94 (cost-scale) intern={'indications': True, 'general': True}
2026-08-29T04:20:48 COORD soft last 14 PF 0.55<1.10 (1.00=neutral 1.10=+1×cost); prev PF 0.55<0.94 (cost-scale) intern={'indications': True, 'general': False}
2026-08-29T04:21:33 COORD soft last 14 PF 0.55<1.10 (1.00=neutral 1.10=+1×cost); prev PF 0.55<0.94 (cost-scale) intern={'indications': True, 'general': False}
2026-08-29T04:22:18 COORD soft last 14 PF 0.55<1.10 (1.00=neutral 1.10=+1×cost); prev PF 0.55<0.94 (cost-scale) intern={'indications': True, 'general': False}
2026-08-29T04:23:04 COORD soft last 14 PF 0.55<1.10 (1.00=neutral 1.10=+1×cost); prev PF 0.55<0.94 (cost-scale) intern={'indications': True, 'general': False}
2026-08-29T04:23:49 COORD soft last 14 PF 0.55<1.10 (1.00=neutral 1.10=+1×cost); prev PF 0.55<0.94 (cost-scale) intern={'indications': True, 'general': True}
2026-08-29T04:24:34 COORD soft last 14 PF 0.55<1.10 (1.00=neutral 1.10=+1×cost); prev PF 0.55<0.94 (cost-scale) intern={'indications': True, 'general': True}
2026-08-29T04:25:19 COORD soft last 14 PF 0.55<1.10 (1.00=neutral 1.10=+1×cost); prev PF 0.55<0.94 (cost-scale) intern={'indications': True, 'general': True}
2026-08-29T04:26:04 COORD soft last 14 PF 0.55<1.10 (1.00=neutral 1.10=+1×cost); prev PF 0.55<0.94 (cost-scale) intern={'indications': True, 'general': True}
2026-08-29T04:26:14 CTRL sec-sl 1000BONK-USDT LONG STOP_MARKET sec=1 closePos=True qty=1344.0 @0.002952 oid=2093525604091138048
2026-08-29T04:26:23 CTRL sec-sl NMR-USDT LONG STOP_MARKET sec=1 closePos=True qty=0.3 @8.869 oid=2093525640304758784
2026-08-29T04:26:49 COORD soft last 14 PF 0.55<1.10 (1.00=neutral 1.10=+1×cost); prev PF 0.55<0.94 (cost-scale) intern={'indications': True, 'general': True}
2026-08-29T04:26:57 pulse start bingx-x01 https://open-api.bingx.com
2026-08-29T04:27:03 eq=1.5594 avail=0.7112 regime=risk-off
2026-08-29T04:27:08 TEST FAIL cid-parse {'kind': 'o', 'pack': 'indications', 'sl': 0.3, 'trail': '', 'step': 8, 'idx': 0, 'set_id': 'indications:1m:sl0.3:st8'}
2026-08-29T04:27:08 TEST FAIL cid-idx {'kind': 'o', 'pack': 'indications', 'sl': 0.3, 'trail': '', 'step': 8, 'idx': 0, 'set_id': 'indications:1m:sl0.3:st8'}
2026-08-29T04:27:08 TEST FAIL size-min-lot n=0.00 min_lot=8.00 cap=2.15
2026-08-29T04:27:09 COORD soft last 14 PF 0.55<1.10 (1.00=neutral 1.10=+1×cost); prev PF 0.55<0.94 (cost-scale) intern={'indications': True, 'general': True}
2026-08-29T04:27:09 TEST FAIL qa-ctrl-range range ok=0
2026-08-29T04:27:09 TEST FAIL qa-size-min btc n=0.00 min=7.75 lot=0.0001
2026-08-29T04:27:54 COORD soft last 14 PF 0.55<1.10 (1.00=neutral 1.10=+1×cost); prev PF 0.55<0.94 (cost-scale) intern={'indications': True, 'general': True}
2026-08-29T04:28:39 COORD soft last 14 PF 0.55<1.10 (1.00=neutral 1.10=+1×cost); prev PF 0.55<0.94 (cost-scale) intern={'indications': False, 'general': True}
2026-08-29T04:29:24 COORD soft last 14 PF 0.55<1.10 (1.00=neutral 1.10=+1×cost); prev PF 0.55<0.94 (cost-scale) intern={'indications': False, 'general': True}
2026-08-29T04:30:09 COORD soft last 14 PF 0.55<1.10 (1.00=neutral 1.10=+1×cost); prev PF 0.55<0.94 (cost-scale) intern={'indications': False, 'general': True}
2026-08-29T04:30:54 COORD soft last 14 PF 0.55<1.10 (1.00=neutral 1.10=+1×cost); prev PF 0.55<0.94 (cost-scale) intern={'indications': False, 'general': True}
2026-08-29T04:31:39 COORD soft last 14 PF 0.55<1.10 (1.00=neutral 1.10=+1×cost); prev PF 0.55<0.94 (cost-scale) intern={'indications': True, 'general': True}
2026-08-29T04:32:24 COORD soft last 14 PF 0.55<1.10 (1.00=neutral 1.10=+1×cost); prev PF 0.55<0.94 (cost-scale) intern={'indications': False, 'general': True}
2026-08-29T04:33:09 COORD soft last 14 PF 0.55<1.10 (1.00=neutral 1.10=+1×cost); prev PF 0.55<0.94 (cost-scale) intern={'indications': False, 'general': True}
2026-08-29T04:33:54 COORD soft last 14 PF 0.55<1.10 (1.00=neutral 1.10=+1×cost); prev PF 0.55<0.94 (cost-scale) intern={'indications': False, 'general': True}
2026-08-29T04:34:39 COORD soft last 14 PF 0.55<1.10 (1.00=neutral 1.10=+1×cost); prev PF 0.55<0.94 (cost-scale) intern={'indications': False, 'general': True}
2026-08-29T04:35:24 COORD soft last 14 PF 0.55<1.10 (1.00=neutral 1.10=+1×cost); prev PF 0.55<0.94 (cost-scale) intern={'indications': True, 'general': False}
2026-08-29T04:36:09 COORD soft last 14 PF 0.55<1.10 (1.00=neutral 1.10=+1×cost); prev PF 0.55<0.94 (cost-scale) intern={'indications': True, 'general': False}
2026-08-29T04:36:54 COORD soft last 14 PF 0.55<1.10 (1.00=neutral 1.10=+1×cost); prev PF 0.55<0.94 (cost-scale) intern={'indications': True, 'general': False}
2026-08-29T04:37:39 COORD soft last 14 PF 0.55<1.10 (1.00=neutral 1.10=+1×cost); prev PF 0.55<0.94 (cost-scale) intern={'indications': True, 'general': False}
2026-08-29T04:38:24 COORD soft last 14 PF 0.55<1.10 (1.00=neutral 1.10=+1×cost); prev PF 0.55<0.94 (cost-scale) intern={'indications': True, 'general': True}
2026-08-29T04:39:09 COORD soft last 14 PF 0.55<1.10 (1.00=neutral 1.10=+1×cost); prev PF 0.55<0.94 (cost-scale) intern={'indications': True, 'general': True}
2026-08-29T04:39:54 COORD soft last 14 PF 0.55<1.10 (1.00=neutral 1.10=+1×cost); prev PF 0.55<0.94 (cost-scale) intern={'indications': True, 'general': True}
2026-08-29T04:40:40 COORD soft last 14 PF 0.55<1.10 (1.00=neutral 1.10=+1×cost); prev PF 0.55<0.94 (cost-scale) intern={'indications': True, 'general': True}
2026-08-29T04:41:25 COORD soft last 14 PF 0.55<1.10 (1.00=neutral 1.10=+1×cost); prev PF 0.55<0.94 (cost-scale) intern={'indications': True, 'general': True}
2026-08-29T04:42:10 COORD soft last 14 PF 0.55<1.10 (1.00=neutral 1.10=+1×cost); prev PF 0.55<0.94 (cost-scale) intern={'indications': False, 'general': True}
2026-08-29T04:42:55 COORD soft last 14 PF 0.55<1.10 (1.00=neutral 1.10=+1×cost); prev PF 0.55<0.94 (cost-scale) intern={'indications': False, 'general': True}
2026-08-29T04:43:40 COORD soft last 14 PF 0.55<1.10 (1.00=neutral 1.10=+1×cost); prev PF 0.55<0.94 (cost-scale) intern={'indications': False, 'general': True}
2026-08-29T04:44:25 COORD soft last 14 PF 0.55<1.10 (1.00=neutral 1.10=+1×cost); prev PF 0.55<0.94 (cost-scale) intern={'indications': False, 'general': True}
2026-08-29T04:45:10 COORD soft last 14 PF 0.55<1.10 (1.00=neutral 1.10=+1×cost); prev PF 0.55<0.94 (cost-scale) intern={'indications': True, 'general': True}
2026-08-29T04:45:55 COORD soft last 14 PF 0.55<1.10 (1.00=neutral 1.10=+1×cost); prev PF 0.55<0.94 (cost-scale) intern={'indications': False, 'general': True}
2026-08-29T04:46:40 COORD soft last 14 PF 0.55<1.10 (1.00=neutral 1.10=+1×cost); prev PF 0.55<0.94 (cost-scale) intern={'indications': False, 'general': True}
2026-08-29T04:47:25 COORD soft last 14 PF 0.55<1.10 (1.00=neutral 1.10=+1×cost); prev PF 0.55<0.94 (cost-scale) intern={'indications': False, 'general': True}
2026-08-29T04:48:10 COORD soft last 14 PF 0.55<1.10 (1.00=neutral 1.10=+1×cost); prev PF 0.55<0.94 (cost-scale) intern={'indications': False, 'general': True}
2026-08-29T04:48:55 COORD soft last 14 PF 0.55<1.10 (1.00=neutral 1.10=+1×cost); prev PF 0.55<0.94 (cost-scale) intern={'indications': True, 'general': True}
2026-08-29T04:49:40 COORD soft last 14 PF 0.55<1.10 (1.00=neutral 1.10=+1×cost); prev PF 0.55<0.94 (cost-scale) intern={'indications': True, 'general': True}
2026-08-29T04:50:25 COORD soft last 14 PF 0.55<1.10 (1.00=neutral 1.10=+1×cost); prev PF 0.55<0.94 (cost-scale) intern={'indications': True, 'general': True}
2026-08-29T04:51:11 COORD soft last 14 PF 0.55<1.10 (1.00=neutral 1.10=+1×cost); prev PF 0.55<0.94 (cost-scale) intern={'indications': True, 'general': True}
2026-08-29T04:51:56 COORD soft last 14 PF 0.55<1.10 (1.00=neutral 1.10=+1×cost); prev PF 0.55<0.94 (cost-scale) intern={'indications': True, 'general': True}
2026-08-29T04:52:41 COORD soft last 14 PF 0.55<1.10 (1.00=neutral 1.10=+1×cost); prev PF 0.55<0.94 (cost-scale) intern={'indications': True, 'general': True}
2026-08-29T04:53:26 COORD soft last 14 PF 0.55<1.10 (1.00=neutral 1.10=+1×cost); prev PF 0.55<0.94 (cost-scale) intern={'indications': True, 'general': True}
2026-08-29T04:54:11 COORD soft last 14 PF 0.55<1.10 (1.00=neutral 1.10=+1×cost); prev PF 0.55<0.94 (cost-scale) intern={'indications': True, 'general': True}
2026-08-29T04:54:56 COORD soft last 14 PF 0.55<1.10 (1.00=neutral 1.10=+1×cost); prev PF 0.55<0.94 (cost-scale) intern={'indications': True, 'general': True}
2026-08-29T04:55:41 COORD soft last 14 PF 0.55<1.10 (1.00=neutral 1.10=+1×cost); prev PF 0.55<0.94 (cost-scale) intern={'indications': True, 'general': True}
2026-08-29T04:56:26 COORD soft last 14 PF 0.55<1.10 (1.00=neutral 1.10=+1×cost); prev PF 0.55<0.94 (cost-scale) intern={'indications': True, 'general': True}
2026-08-29T04:57:11 COORD soft last 14 PF 0.55<1.10 (1.00=neutral 1.10=+1×cost); prev PF 0.55<0.94 (cost-scale) intern={'indications': True, 'general': True}
2026-08-29T04:57:56 COORD soft last 14 PF 0.55<1.10 (1.00=neutral 1.10=+1×cost); prev PF 0.55<0.94 (cost-scale) intern={'indications': True, 'general': True}
2026-08-29T04:58:41 COORD soft last 14 PF 0.55<1.10 (1.00=neutral 1.10=+1×cost); prev PF 0.55<0.94 (cost-scale) intern={'indications': True, 'general': True}
2026-08-29T04:59:26 COORD soft last 14 PF 0.55<1.10 (1.00=neutral 1.10=+1×cost); prev PF 0.55<0.94 (cost-scale) intern={'indications': True, 'general': True}
2026-08-29T05:00:11 COORD soft last 14 PF 0.55<1.10 (1.00=neutral 1.10=+1×cost); prev PF 0.55<0.94 (cost-scale) intern={'indications': True, 'general': True}
2026-08-29T05:00:56 COORD soft last 14 PF 0.55<1.10 (1.00=neutral 1.10=+1×cost); prev PF 0.55<0.94 (cost-scale) intern={'indications': True, 'general': True}
2026-08-29T05:01:41 COORD soft last 14 PF 0.55<1.10 (1.00=neutral 1.10=+1×cost); prev PF 0.55<0.94 (cost-scale) intern={'indications': True, 'general': True}
2026-08-29T05:02:26 COORD soft last 14 PF 0.55<1.10 (1.00=neutral 1.10=+1×cost); prev PF 0.55<0.94 (cost-scale) intern={'indications': True, 'general': True}
2026-08-29T05:03:11 COORD soft last 14 PF 0.55<1.10 (1.00=neutral 1.10=+1×cost); prev PF 0.55<0.94 (cost-scale) intern={'indications': True, 'general': True}
2026-08-29T05:03:56 COORD soft last 14 PF 0.55<1.10 (1.00=neutral 1.10=+1×cost); prev PF 0.55<0.94 (cost-scale) intern={'indications': True, 'general': True}
2026-08-29T05:04:42 COORD soft last 14 PF 0.55<1.10 (1.00=neutral 1.10=+1×cost); prev PF 0.55<0.94 (cost-scale) intern={'indications': True, 'general': True}
2026-08-29T05:05:27 COORD soft last 14 PF 0.55<1.10 (1.00=neutral 1.10=+1×cost); prev PF 0.55<0.94 (cost-scale) intern={'indications': True, 'general': True}
2026-08-29T05:06:12 COORD soft last 14 PF 0.55<1.10 (1.00=neutral 1.10=+1×cost); prev PF 0.55<0.94 (cost-scale) intern={'indications': False, 'general': True}
2026-08-29T05:06:57 COORD soft last 14 PF 0.55<1.10 (1.00=neutral 1.10=+1×cost); prev PF 0.55<0.94 (cost-scale) intern={'indications': False, 'general': True}
2026-08-29T05:07:15 CTRL sec-tp TWT-USDT LONG TAKE_PROFIT_MARKET sec=1 closePos=True qty=10.0 @0.4613 oid=2093535927460270080
2026-08-29T05:07:42 COORD soft last 14 PF 0.55<1.10 (1.00=neutral 1.10=+1×cost); prev PF 0.55<0.94 (cost-scale) intern={'indications': False, 'general': True}
2026-08-29T05:08:27 COORD soft last 14 PF 0.55<1.10 (1.00=neutral 1.10=+1×cost); prev PF 0.55<0.94 (cost-scale) intern={'indications': False, 'general': True}
2026-08-29T05:09:12 COORD soft last 14 PF 0.55<1.10 (1.00=neutral 1.10=+1×cost); prev PF 0.55<0.94 (cost-scale) intern={'indications': True, 'general': True}
2026-08-29T05:09:57 COORD soft last 14 PF 0.55<1.10 (1.00=neutral 1.10=+1×cost); prev PF 0.55<0.94 (cost-scale) intern={'indications': False, 'general': True}
2026-08-29T05:10:26 CTRL sec-tp TWT-USDT LONG TAKE_PROFIT_MARKET sec=1 closePos=True qty=10.0 @0.4627 oid=2093536728102572032
2026-08-29T05:10:42 COORD soft last 14 PF 0.55<1.10 (1.00=neutral 1.10=+1×cost); prev PF 0.55<0.94 (cost-scale) intern={'indications': False, 'general': True}
2026-08-29T05:11:27 COORD soft last 14 PF 0.55<1.10 (1.00=neutral 1.10=+1×cost); prev PF 0.55<0.94 (cost-scale) intern={'indications': False, 'general': True}
2026-08-29T05:12:12 COORD soft last 14 PF 0.55<1.10 (1.00=neutral 1.10=+1×cost); prev PF 0.55<0.94 (cost-scale) intern={'indications': False, 'general': True}
2026-08-29T05:12:57 COORD soft last 14 PF 0.55<1.10 (1.00=neutral 1.10=+1×cost); prev PF 0.55<0.94 (cost-scale) intern={'indications': False, 'general': True}
2026-08-29T05:13:42 COORD soft last 14 PF 0.55<1.10 (1.00=neutral 1.10=+1×cost); prev PF 0.55<0.94 (cost-scale) intern={'indications': False, 'general': True}
2026-08-29T05:14:27 COORD soft last 14 PF 0.55<1.10 (1.00=neutral 1.10=+1×cost); prev PF 0.55<0.94 (cost-scale) intern={'indications': False, 'general': True}
2026-08-29T05:15:12 COORD soft last 14 PF 0.55<1.10 (1.00=neutral 1.10=+1×cost); prev PF 0.55<0.94 (cost-scale) intern={'indications': False, 'general': True}
2026-08-29T05:15:57 COORD soft last 14 PF 0.55<1.10 (1.00=neutral 1.10=+1×cost); prev PF 0.55<0.94 (cost-scale) intern={'indications': True, 'general': True}
2026-08-29T05:16:43 COORD soft last 14 PF 0.55<1.10 (1.00=neutral 1.10=+1×cost); prev PF 0.55<0.94 (cost-scale) intern={'indications': False, 'general': True}
2026-08-29T05:17:28 COORD soft last 14 PF 0.55<1.10 (1.00=neutral 1.10=+1×cost); prev PF 0.55<0.94 (cost-scale) intern={'indications': False, 'general': True}
2026-08-29T05:18:13 COORD soft last 14 PF 0.55<1.10 (1.00=neutral 1.10=+1×cost); prev PF 0.55<0.94 (cost-scale) intern={'indications': False, 'general': True}
2026-08-29T05:18:58 COORD soft last 14 PF 0.55<1.10 (1.00=neutral 1.10=+1×cost); prev PF 0.55<0.94 (cost-scale) intern={'indications': False, 'general': True}
2026-08-29T05:19:44 COORD soft last 14 PF 0.55<1.10 (1.00=neutral 1.10=+1×cost); prev PF 0.55<0.94 (cost-scale) intern={'indications': False, 'general': True}
2026-08-29T05:20:29 COORD soft last 14 PF 0.55<1.10 (1.00=neutral 1.10=+1×cost); prev PF 0.55<0.94 (cost-scale) intern={'indications': False, 'general': True}
2026-08-29T05:21:14 COORD soft last 14 PF 0.55<1.10 (1.00=neutral 1.10=+1×cost); prev PF 0.55<0.94 (cost-scale) intern={'indications': False, 'general': True}
2026-08-29T05:21:59 COORD soft last 14 PF 0.55<1.10 (1.00=neutral 1.10=+1×cost); prev PF 0.55<0.94 (cost-scale) intern={'indications': False, 'general': True}
2026-08-29T05:22:44 COORD soft last 14 PF 0.55<1.10 (1.00=neutral 1.10=+1×cost); prev PF 0.55<0.94 (cost-scale) intern={'indications': True, 'general': True}
2026-08-29T05:23:29 COORD soft last 14 PF 0.55<1.10 (1.00=neutral 1.10=+1×cost); prev PF 0.55<0.94 (cost-scale) intern={'indications': False, 'general': True}
2026-08-29T05:24:14 COORD soft last 14 PF 0.55<1.10 (1.00=neutral 1.10=+1×cost); prev PF 0.55<0.94 (cost-scale) intern={'indications': False, 'general': True}
2026-08-29T05:24:59 COORD soft last 14 PF 0.55<1.10 (1.00=neutral 1.10=+1×cost); prev PF 0.55<0.94 (cost-scale) intern={'indications': False, 'general': True}
2026-08-29T05:25:44 COORD soft last 14 PF 0.55<1.10 (1.00=neutral 1.10=+1×cost); prev PF 0.55<0.94 (cost-scale) intern={'indications': False, 'general': True}
2026-08-29T05:26:29 COORD soft last 14 PF 0.55<1.10 (1.00=neutral 1.10=+1×cost); prev PF 0.55<0.94 (cost-scale) intern={'indications': False, 'general': True}
2026-08-29T05:27:14 COORD soft last 14 PF 0.55<1.10 (1.00=neutral 1.10=+1×cost); prev PF 0.55<0.94 (cost-scale) intern={'indications': False, 'general': True}
2026-08-29T05:27:59 COORD soft last 14 PF 0.55<1.10 (1.00=neutral 1.10=+1×cost); prev PF 0.55<0.94 (cost-scale) intern={'indications': False, 'general': True}
2026-08-29T05:28:44 COORD soft last 14 PF 0.55<1.10 (1.00=neutral 1.10=+1×cost); prev PF 0.55<0.94 (cost-scale) intern={'indications': False, 'general': True}
2026-08-29T05:29:29 COORD soft last 14 PF 0.55<1.10 (1.00=neutral 1.10=+1×cost); prev PF 0.55<0.94 (cost-scale) intern={'indications': True, 'general': True}
2026-08-29T05:30:14 COORD soft last 14 PF 0.55<1.10 (1.00=neutral 1.10=+1×cost); prev PF 0.55<0.94 (cost-scale) intern={'indications': False, 'general': True}
2026-08-29T05:30:59 COORD soft last 14 PF 0.55<1.10 (1.00=neutral 1.10=+1×cost); prev PF 0.55<0.94 (cost-scale) intern={'indications': False, 'general': True}
2026-08-29T05:31:44 COORD soft last 14 PF 0.55<1.10 (1.00=neutral 1.10=+1×cost); prev PF 0.55<0.94 (cost-scale) intern={'indications': False, 'general': True}
2026-08-29T05:32:29 COORD soft last 14 PF 0.55<1.10 (1.00=neutral 1.10=+1×cost); prev PF 0.55<0.94 (cost-scale) intern={'indications': False, 'general': True}
2026-08-29T05:33:15 COORD soft last 14 PF 0.55<1.10 (1.00=neutral 1.10=+1×cost); prev PF 0.55<0.94 (cost-scale) intern={'indications': False, 'general': True}
2026-08-29T05:34:00 COORD soft last 14 PF 0.55<1.10 (1.00=neutral 1.10=+1×cost); prev PF 0.55<0.94 (cost-scale) intern={'indications': False, 'general': True}
2026-08-29T05:34:45 COORD soft last 14 PF 0.55<1.10 (1.00=neutral 1.10=+1×cost); prev PF 0.55<0.94 (cost-scale) intern={'indications': False, 'general': True}
2026-08-29T05:35:30 COORD soft last 14 PF 0.55<1.10 (1.00=neutral 1.10=+1×cost); prev PF 0.55<0.94 (cost-scale) intern={'indications': False, 'general': True}
2026-08-29T05:36:15 COORD soft last 14 PF 0.55<1.10 (1.00=neutral 1.10=+1×cost); prev PF 0.55<0.94 (cost-scale) intern={'indications': True, 'general': True}
2026-08-29T05:37:00 COORD soft last 14 PF 0.55<1.10 (1.00=neutral 1.10=+1×cost); prev PF 0.55<0.94 (cost-scale) intern={'indications': False, 'general': True}
2026-08-29T05:37:45 COORD soft last 14 PF 0.55<1.10 (1.00=neutral 1.10=+1×cost); prev PF 0.55<0.94 (cost-scale) intern={'indications': False, 'general': True}
2026-08-29T05:38:30 COORD soft last 14 PF 0.55<1.10 (1.00=neutral 1.10=+1×cost); prev PF 0.55<0.94 (cost-scale) intern={'indications': False, 'general': True}
2026-08-29T05:39:15 COORD soft last 14 PF 0.55<1.10 (1.00=neutral 1.10=+1×cost); prev PF 0.55<0.94 (cost-scale) intern={'indications': False, 'general': True}
2026-08-29T05:40:01 CTRL sec-sl ACT-USDT LONG STOP_MARKET sec=1 closePos=True qty=356.73 @0.011095 oid=2093544170777579520
2026-08-29T05:40:01 COORD soft last 14 PF 0.55<1.10 (1.00=neutral 1.10=+1×cost); prev PF 0.55<0.94 (cost-scale) intern={'indications': False, 'general': True}
2026-08-29T05:40:46 COORD soft last 14 PF 0.55<1.10 (1.00=neutral 1.10=+1×cost); prev PF 0.55<0.94 (cost-scale) intern={'indications': False, 'general': True}
2026-08-29T05:41:31 COORD soft last 14 PF 0.55<1.10 (1.00=neutral 1.10=+1×cost); prev PF 0.55<0.94 (cost-scale) intern={'indications': False, 'general': True}
2026-08-29T05:42:16 COORD soft last 14 PF 0.55<1.10 (1.00=neutral 1.10=+1×cost); prev PF 0.55<0.94 (cost-scale) intern={'indications': False, 'general': True}
2026-08-29T05:43:01 COORD soft last 14 PF 0.55<1.10 (1.00=neutral 1.10=+1×cost); prev PF 0.55<0.94 (cost-scale) intern={'indications': True, 'general': True}
2026-08-29T05:43:20 CTRL sec-tp TWT-USDT LONG TAKE_PROFIT_MARKET sec=1 closePos=True qty=10.0 @0.4648 oid=2093545006031278080
2026-08-29T05:43:46 COORD soft last 14 PF 0.55<1.10 (1.00=neutral 1.10=+1×cost); prev PF 0.55<0.94 (cost-scale) intern={'indications': False, 'general': True}
2026-08-29T05:44:31 COORD soft last 14 PF 0.55<1.10 (1.00=neutral 1.10=+1×cost); prev PF 0.55<0.94 (cost-scale) intern={'indications': False, 'general': True}
2026-08-29T05:45:17 COORD soft last 14 PF 0.55<1.10 (1.00=neutral 1.10=+1×cost); prev PF 0.55<0.94 (cost-scale) intern={'indications': False, 'general': True}
2026-08-29T05:46:02 COORD soft last 14 PF 0.55<1.10 (1.00=neutral 1.10=+1×cost); prev PF 0.55<0.94 (cost-scale) intern={'indications': False, 'general': True}
2026-08-29T05:46:47 COORD soft last 14 PF 0.55<1.10 (1.00=neutral 1.10=+1×cost); prev PF 0.55<0.94 (cost-scale) intern={'indications': False, 'general': True}
2026-08-29T05:47:32 COORD soft last 14 PF 0.55<1.10 (1.00=neutral 1.10=+1×cost); prev PF 0.55<0.94 (cost-scale) intern={'indications': False, 'general': True}
2026-08-29T05:48:17 COORD soft last 14 PF 0.55<1.10 (1.00=neutral 1.10=+1×cost); prev PF 0.55<0.94 (cost-scale) intern={'indications': False, 'general': True}
2026-08-29T05:49:02 COORD soft last 14 PF 0.55<1.10 (1.00=neutral 1.10=+1×cost); prev PF 0.55<0.94 (cost-scale) intern={'indications': False, 'general': True}
2026-08-29T05:49:48 COORD soft last 14 PF 0.55<1.10 (1.00=neutral 1.10=+1×cost); prev PF 0.55<0.94 (cost-scale) intern={'indications': True, 'general': True}
2026-08-29T05:50:33 COORD soft last 14 PF 0.55<1.10 (1.00=neutral 1.10=+1×cost); prev PF 0.55<0.94 (cost-scale) intern={'indications': False, 'general': True}
2026-08-29T05:50:41 CTRL sec-sl 1000CAT-USDT LONG STOP_MARKET sec=1 closePos=True qty=2074.0 @0.001888 oid=2093546857627750400
2026-08-29T05:50:48 CLOSE 1000CAT-USDT LONG pnl=-0.0745 (-1.705%) sl hold=15904s
2026-08-29T05:50:49 CLOSE 1000000MOG-USDT SHORT pnl=-0.0343 (-0.708%) max-hold-6h hold=21601s
2026-08-29T05:50:50 CTRL sec-sl TOAD-USDT SHORT STOP_MARKET sec=1 closePos=True qty=381.0 @0.0065 oid=2093546896085323776
2026-08-29T05:50:51 CTRL sec-tp TOAD-USDT SHORT TAKE_PROFIT_MARKET sec=1 closePos=True qty=381.0 @0.00617 oid=2093546898157309952
2026-08-29T05:50:51 OPEN TOAD-USDT SHORT qty=381.0 px=0.00632 sl=0.0065 tp=0.00617 sl_oid=2093546896085323776 tp_oid=2093546898157309952
2026-08-29T05:51:18 COORD soft last 15 PF 0.46<1.10 (1.00=neutral 1.10=+1×cost); prev PF 0.49<0.94 (cost-scale) intern={'indications': False, 'general': True}
2026-08-29T05:52:03 COORD soft last 15 PF 0.46<1.10 (1.00=neutral 1.10=+1×cost); prev PF 0.49<0.94 (cost-scale) intern={'indications': False, 'general': True}
2026-08-29T05:52:48 COORD soft last 15 PF 0.46<1.10 (1.00=neutral 1.10=+1×cost); prev PF 0.49<0.94 (cost-scale) intern={'indications': False, 'general': True}
2026-08-29T05:53:33 COORD soft last 15 PF 0.46<1.10 (1.00=neutral 1.10=+1×cost); prev PF 0.49<0.94 (cost-scale) intern={'indications': False, 'general': True}
2026-08-29T05:54:18 COORD soft last 15 PF 0.46<1.10 (1.00=neutral 1.10=+1×cost); prev PF 0.49<0.94 (cost-scale) intern={'indications': False, 'general': True}
2026-08-29T05:55:00 CTRL sec-tp TWT-USDT LONG TAKE_PROFIT_MARKET sec=1 closePos=True qty=10.0 @0.4665 oid=2093547943843434496
2026-08-29T05:55:03 COORD soft last 15 PF 0.46<1.10 (1.00=neutral 1.10=+1×cost); prev PF 0.49<0.94 (cost-scale) intern={'indications': False, 'general': True}
2026-08-29T05:55:48 COORD soft last 15 PF 0.46<1.10 (1.00=neutral 1.10=+1×cost); prev PF 0.49<0.94 (cost-scale) intern={'indications': False, 'general': True}
2026-08-29T05:56:04 CTRL sec-sl TOAD-USDT SHORT STOP_MARKET sec=1 closePos=True qty=381.0 @0.00667 oid=2093548209481289728
2026-08-29T05:56:33 COORD soft last 15 PF 0.46<1.10 (1.00=neutral 1.10=+1×cost); prev PF 0.49<0.94 (cost-scale) intern={'indications': True, 'general': True}
2026-08-29T05:57:18 COORD soft last 15 PF 0.46<1.10 (1.00=neutral 1.10=+1×cost); prev PF 0.49<0.94 (cost-scale) intern={'indications': True, 'general': True}
2026-08-29T05:58:04 COORD soft last 15 PF 0.46<1.10 (1.00=neutral 1.10=+1×cost); prev PF 0.49<0.94 (cost-scale) intern={'indications': True, 'general': True}
2026-08-29T05:58:49 COORD soft last 15 PF 0.46<1.10 (1.00=neutral 1.10=+1×cost); prev PF 0.49<0.94 (cost-scale) intern={'indications': True, 'general': True}
2026-08-29T05:59:34 COORD soft last 15 PF 0.46<1.10 (1.00=neutral 1.10=+1×cost); prev PF 0.49<0.94 (cost-scale) intern={'indications': True, 'general': True}
2026-08-29T06:00:19 COORD soft last 15 PF 0.46<1.10 (1.00=neutral 1.10=+1×cost); prev PF 0.49<0.94 (cost-scale) intern={'indications': True, 'general': True}
2026-08-29T06:01:04 COORD soft last 15 PF 0.46<1.10 (1.00=neutral 1.10=+1×cost); prev PF 0.49<0.94 (cost-scale) intern={'indications': True, 'general': True}
2026-08-29T06:01:22 CTRL sec-tp TWT-USDT LONG TAKE_PROFIT_MARKET sec=1 closePos=True qty=10.0 @0.4682 oid=2093549544721190912
2026-08-29T06:01:49 COORD soft last 15 PF 0.46<1.10 (1.00=neutral 1.10=+1×cost); prev PF 0.49<0.94 (cost-scale) intern={'indications': True, 'general': True}
2026-08-29T06:02:34 COORD soft last 15 PF 0.46<1.10 (1.00=neutral 1.10=+1×cost); prev PF 0.49<0.94 (cost-scale) intern={'indications': True, 'general': True}
2026-08-29T06:03:19 COORD soft last 15 PF 0.46<1.10 (1.00=neutral 1.10=+1×cost); prev PF 0.49<0.94 (cost-scale) intern={'indications': True, 'general': True}
2026-08-29T06:04:04 COORD soft last 15 PF 0.46<1.10 (1.00=neutral 1.10=+1×cost); prev PF 0.49<0.94 (cost-scale) intern={'indications': True, 'general': True}
2026-08-29T06:04:49 COORD soft last 15 PF 0.46<1.10 (1.00=neutral 1.10=+1×cost); prev PF 0.49<0.94 (cost-scale) intern={'indications': True, 'general': True}
2026-08-29T06:05:34 COORD soft last 15 PF 0.46<1.10 (1.00=neutral 1.10=+1×cost); prev PF 0.49<0.94 (cost-scale) intern={'indications': True, 'general': True}
2026-08-29T06:06:19 COORD soft last 15 PF 0.46<1.10 (1.00=neutral 1.10=+1×cost); prev PF 0.49<0.94 (cost-scale) intern={'indications': True, 'general': True}
2026-08-29T06:07:04 COORD soft last 15 PF 0.46<1.10 (1.00=neutral 1.10=+1×cost); prev PF 0.49<0.94 (cost-scale) intern={'indications': True, 'general': True}
2026-08-29T06:07:49 COORD soft last 15 PF 0.46<1.10 (1.00=neutral 1.10=+1×cost); prev PF 0.49<0.94 (cost-scale) intern={'indications': True, 'general': True}
2026-08-29T06:08:34 COORD soft last 15 PF 0.46<1.10 (1.00=neutral 1.10=+1×cost); prev PF 0.49<0.94 (cost-scale) intern={'indications': True, 'general': True}
2026-08-29T06:09:20 COORD soft last 15 PF 0.46<1.10 (1.00=neutral 1.10=+1×cost); prev PF 0.49<0.94 (cost-scale) intern={'indications': True, 'general': True}
2026-08-29T06:10:05 COORD soft last 15 PF 0.46<1.10 (1.00=neutral 1.10=+1×cost); prev PF 0.49<0.94 (cost-scale) intern={'indications': True, 'general': True}
2026-08-29T06:10:50 COORD soft last 15 PF 0.46<1.10 (1.00=neutral 1.10=+1×cost); prev PF 0.49<0.94 (cost-scale) intern={'indications': True, 'general': True}
2026-08-29T06:11:35 COORD soft last 15 PF 0.46<1.10 (1.00=neutral 1.10=+1×cost); prev PF 0.49<0.94 (cost-scale) intern={'indications': True, 'general': True}
2026-08-29T06:12:20 COORD soft last 15 PF 0.46<1.10 (1.00=neutral 1.10=+1×cost); prev PF 0.49<0.94 (cost-scale) intern={'indications': True, 'general': True}
2026-08-29T06:13:05 COORD soft last 15 PF 0.46<1.10 (1.00=neutral 1.10=+1×cost); prev PF 0.49<0.94 (cost-scale) intern={'indications': True, 'general': True}
2026-08-29T06:13:50 COORD soft last 15 PF 0.46<1.10 (1.00=neutral 1.10=+1×cost); prev PF 0.49<0.94 (cost-scale) intern={'indications': True, 'general': True}
2026-08-29T06:14:35 COORD soft last 15 PF 0.46<1.10 (1.00=neutral 1.10=+1×cost); prev PF 0.49<0.94 (cost-scale) intern={'indications': True, 'general': True}
2026-08-29T06:14:38 CLOSE TWT-USDT LONG pnl=0.1533 (3.567%) max-hold-6h hold=21601s
2026-08-29T06:14:41 DROP stale local TOAD-USDT
2026-08-29T06:14:42 CTRL sec-sl TERMMAX-USDT SHORT STOP_MARKET sec=1 closePos=True qty=18.0 @0.1135 oid=2093552899291975680
2026-08-29T06:14:42 CTRL sec-tp TERMMAX-USDT SHORT TAKE_PROFIT_MARKET sec=1 closePos=True qty=18.0 @0.1085 oid=2093552901225549824
2026-08-29T06:14:42 OPEN TERMMAX-USDT SHORT qty=18.0 px=0.1112 sl=0.1131 tp=0.1085 sl_oid=2093552899291975680 tp_oid=2093552901225549824
2026-08-29T06:14:43 TEST FAIL qa-ctrl-range range ok=0
2026-08-29T06:14:55 CTRL sec-sl STABLE-USDT SHORT STOP_MARKET sec=1 closePos=True qty=76.1 @0.02648 oid=2093552956888158208
2026-08-29T06:14:56 CTRL sec-tp STABLE-USDT SHORT TAKE_PROFIT_MARKET sec=1 closePos=True qty=76.1 @0.02561 oid=2093552958591045632
2026-08-29T06:14:56 OPEN STABLE-USDT SHORT qty=76.1 px=0.02624 sl=0.02648 tp=0.02561 sl_oid=2093552956888158208 tp_oid=2093552958591045632
2026-08-29T06:14:57 CTRL sec-sl HMM-USDT SHORT STOP_MARKET sec=1 closePos=True qty=166.6 @0.01218 oid=2093552963636793344
2026-08-29T06:14:58 CTRL sec-tp HMM-USDT SHORT TAKE_PROFIT_MARKET sec=1 closePos=True qty=166.6 @0.01168 oid=2093552966077878272
2026-08-29T06:14:58 OPEN HMM-USDT SHORT qty=166.6 px=0.01197 sl=0.01217 tp=0.01168 sl_oid=2093552963636793344 tp_oid=2093552966077878272
2026-08-29T06:15:20 COORD soft last 15 PF 0.62<1.10 (1.00=neutral 1.10=+1×cost); prev PF 0.65<0.94 (cost-scale) intern={'indications': True, 'general': True}
2026-08-29T06:15:26 DROP stale local TERMMAX-USDT
2026-08-29T06:15:28 CTRL sec-sl TOAD-USDT SHORT STOP_MARKET sec=1 closePos=True qty=381.0 @0.00608 oid=2093553092712304640
2026-08-29T06:15:28 CTRL sec-tp TOAD-USDT SHORT TAKE_PROFIT_MARKET sec=1 closePos=True qty=381.0 @0.00568 oid=2093553094599741440
2026-08-29T06:15:28 OPEN TOAD-USDT SHORT qty=381.0 px=0.00582 sl=0.00608 tp=0.00568 sl_oid=2093553092712304640 tp_oid=2093553094599741440
2026-08-29T06:15:29 TEST FAIL qa-ctrl-range range ok=0
2026-08-29T06:16:05 COORD soft last 15 PF 0.62<1.10 (1.00=neutral 1.10=+1×cost); prev PF 0.65<0.94 (cost-scale) intern={'indications': True, 'general': True}
2026-08-29T06:16:13 CTRL sec-sl STABLE-USDT SHORT STOP_MARKET sec=1 closePos=True qty=190.3 @0.02655 oid=2093553282840104960
2026-08-29T06:16:14 CTRL sec-tp STABLE-USDT SHORT TAKE_PROFIT_MARKET sec=1 closePos=True qty=190.3 @0.02568 oid=2093553284631072768
2026-08-29T06:16:14 DCA ADD STABLE-USDT SHORT n=1 +114.2 avg=0.026312 adv=0.57%
2026-08-29T06:16:50 COORD soft last 15 PF 0.62<1.10 (1.00=neutral 1.10=+1×cost); prev PF 0.65<0.94 (cost-scale) intern={'indications': True, 'general': True}
2026-08-29T06:17:35 COORD soft last 15 PF 0.62<1.10 (1.00=neutral 1.10=+1×cost); prev PF 0.65<0.94 (cost-scale) intern={'indications': True, 'general': True}
2026-08-29T06:17:48 CTRL sec-sl HMM-USDT SHORT STOP_MARKET sec=1 closePos=True qty=416.5 @0.01225 oid=2093553681881993216
2026-08-29T06:17:49 CTRL sec-tp HMM-USDT SHORT TAKE_PROFIT_MARKET sec=1 closePos=True qty=416.5 @0.01171 oid=2093553683639406592
2026-08-29T06:17:49 DCA ADD HMM-USDT SHORT n=1 +249.9 avg=0.012000 adv=1.00%
2026-08-29T06:18:20 COORD soft last 15 PF 0.62<1.10 (1.00=neutral 1.10=+1×cost); prev PF 0.65<0.94 (cost-scale) intern={'indications': True, 'general': True}
2026-08-29T06:19:05 COORD soft last 15 PF 0.62<1.10 (1.00=neutral 1.10=+1×cost); prev PF 0.65<0.94 (cost-scale) intern={'indications': True, 'general': True}
2026-08-29T06:19:45 DROP stale local TOAD-USDT
2026-08-29T06:19:50 COORD soft last 15 PF 0.62<1.10 (1.00=neutral 1.10=+1×cost); prev PF 0.65<0.94 (cost-scale) intern={'indications': True, 'general': True}
2026-08-29T06:20:35 COORD soft last 15 PF 0.62<1.10 (1.00=neutral 1.10=+1×cost); prev PF 0.65<0.94 (cost-scale) intern={'indications': True, 'general': True}
2026-08-29T06:21:21 COORD soft last 15 PF 0.62<1.10 (1.00=neutral 1.10=+1×cost); prev PF 0.65<0.94 (cost-scale) intern={'indications': True, 'general': True}
2026-08-29T06:22:06 COORD soft last 15 PF 0.62<1.10 (1.00=neutral 1.10=+1×cost); prev PF 0.65<0.94 (cost-scale) intern={'indications': True, 'general': True}
2026-08-29T06:22:34 CTRL sec-sl HMM-USDT SHORT STOP_MARKET sec=1 closePos=True qty=416.5 @0.01235 oid=2093554880391778304
2026-08-29T06:22:35 CLOSE HMM-USDT SHORT pnl=-0.1075 (-2.000%) sl hold=459s
2026-08-29T06:22:41 CTRL sec-sl TOAD-USDT SHORT STOP_MARKET sec=1 closePos=True qty=381.0 @0.00572 oid=2093554910636904448
2026-08-29T06:22:42 CTRL sec-tp TOAD-USDT SHORT TAKE_PROFIT_MARKET sec=1 closePos=True qty=381.0 @0.0054 oid=2093554912742445056
2026-08-29T06:22:42 OPEN TOAD-USDT SHORT qty=381.0 px=0.00553 sl=0.00572 tp=0.0054 sl_oid=2093554910636904448 tp_oid=2093554912742445056
2026-08-29T06:22:43 CTRL sec-sl TERMMAX-USDT SHORT STOP_MARKET sec=1 closePos=True qty=18.4 @0.1108 oid=2093554915997224960
2026-08-29T06:22:43 CTRL sec-tp TERMMAX-USDT SHORT TAKE_PROFIT_MARKET sec=1 closePos=True qty=18.4 @0.1061 oid=2093554917985325056
2026-08-29T06:22:43 OPEN TERMMAX-USDT SHORT qty=18.4 px=0.1087 sl=0.1107 tp=0.1061 sl_oid=2093554915997224960 tp_oid=2093554917985325056
2026-08-29T06:22:53 COORD soft last 15 PF 0.52<1.10 (1.00=neutral 1.10=+1×cost); prev PF 0.59<0.94 (cost-scale) intern={'indications': True, 'general': True}
2026-08-29T06:22:53 TEST FAIL qa-ctrl-range range ok=0
2026-08-29T06:23:38 COORD soft last 15 PF 0.52<1.10 (1.00=neutral 1.10=+1×cost); prev PF 0.59<0.94 (cost-scale) intern={'indications': True, 'general': True}
2026-08-29T06:24:23 COORD soft last 15 PF 0.52<1.10 (1.00=neutral 1.10=+1×cost); prev PF 0.59<0.94 (cost-scale) intern={'indications': True, 'general': True}
2026-08-29T06:25:09 COORD soft last 15 PF 0.52<1.10 (1.00=neutral 1.10=+1×cost); prev PF 0.59<0.94 (cost-scale) intern={'indications': True, 'general': True}
2026-08-29T06:25:35 LEV BTW-USDT x10 max=10
2026-08-29T06:25:54 COORD soft last 15 PF 0.52<1.10 (1.00=neutral 1.10=+1×cost); prev PF 0.59<0.94 (cost-scale) intern={'indications': True, 'general': True}
2026-08-29T06:26:39 COORD soft last 15 PF 0.52<1.10 (1.00=neutral 1.10=+1×cost); prev PF 0.59<0.94 (cost-scale) intern={'indications': True, 'general': True}
2026-08-29T06:27:24 COORD soft last 15 PF 0.52<1.10 (1.00=neutral 1.10=+1×cost); prev PF 0.59<0.94 (cost-scale) intern={'indications': True, 'general': True}
2026-08-29T06:28:09 COORD soft last 15 PF 0.52<1.10 (1.00=neutral 1.10=+1×cost); prev PF 0.59<0.94 (cost-scale) intern={'indications': True, 'general': True}
2026-08-29T06:28:54 COORD soft last 15 PF 0.52<1.10 (1.00=neutral 1.10=+1×cost); prev PF 0.59<0.94 (cost-scale) intern={'indications': True, 'general': True}
2026-08-29T06:29:39 COORD soft last 15 PF 0.52<1.10 (1.00=neutral 1.10=+1×cost); prev PF 0.59<0.94 (cost-scale) intern={'indications': True, 'general': True}
2026-08-29T06:30:24 COORD soft last 15 PF 0.52<1.10 (1.00=neutral 1.10=+1×cost); prev PF 0.59<0.94 (cost-scale) intern={'indications': True, 'general': True}
2026-08-29T06:31:09 COORD soft last 15 PF 0.52<1.10 (1.00=neutral 1.10=+1×cost); prev PF 0.59<0.94 (cost-scale) intern={'indications': True, 'general': True}
2026-08-29T06:31:35 CTRL sec-sl TOAD-USDT SHORT STOP_MARKET sec=1 closePos=True qty=381.0 @0.00593 oid=2093557150361686016
2026-08-29T06:31:54 COORD soft last 15 PF 0.52<1.10 (1.00=neutral 1.10=+1×cost); prev PF 0.59<0.94 (cost-scale) intern={'indications': True, 'general': True}
2026-08-29T06:32:07 CTRL sec-sl TOAD-USDT SHORT STOP_MARKET sec=1 closePos=True qty=381.0 @0.00589 oid=2093557283182710784
2026-08-29T06:32:39 COORD soft last 15 PF 0.52<1.10 (1.00=neutral 1.10=+1×cost); prev PF 0.59<0.94 (cost-scale) intern={'indications': True, 'general': True}
2026-08-29T06:33:25 COORD soft last 15 PF 0.52<1.10 (1.00=neutral 1.10=+1×cost); prev PF 0.59<0.94 (cost-scale) intern={'indications': True, 'general': True}
2026-08-29T06:34:10 COORD soft last 15 PF 0.52<1.10 (1.00=neutral 1.10=+1×cost); prev PF 0.59<0.94 (cost-scale) intern={'indications': True, 'general': True}
2026-08-29T06:34:55 COORD soft last 15 PF 0.52<1.10 (1.00=neutral 1.10=+1×cost); prev PF 0.59<0.94 (cost-scale) intern={'indications': True, 'general': True}
2026-08-29T06:35:40 COORD soft last 15 PF 0.52<1.10 (1.00=neutral 1.10=+1×cost); prev PF 0.59<0.94 (cost-scale) intern={'indications': True, 'general': True}
2026-08-29T06:36:06 DROP stale local STABLE-USDT
2026-08-29T06:36:25 COORD soft last 15 PF 0.52<1.10 (1.00=neutral 1.10=+1×cost); prev PF 0.59<0.94 (cost-scale) intern={'indications': True, 'general': True}
2026-08-29T06:37:10 COORD soft last 15 PF 0.52<1.10 (1.00=neutral 1.10=+1×cost); prev PF 0.59<0.94 (cost-scale) intern={'indications': True, 'general': True}
2026-08-29T06:37:55 COORD soft last 15 PF 0.52<1.10 (1.00=neutral 1.10=+1×cost); prev PF 0.59<0.94 (cost-scale) intern={'indications': True, 'general': True}
2026-08-29T06:38:24 DROP stale local TOAD-USDT
2026-08-29T06:46:46 DROP stale local TERMMAX-USDT
2026-08-29T07:04:31 CLOSE ACT-USDT LONG pnl=-0.0281 (-0.553%) max-hold-6h hold=21601s
2026-08-29T07:18:32 LEV CVX-USDT x75 max=75
2026-08-29T07:24:25 CLOSE NMR-USDT LONG pnl=0.0208 (0.921%) max-hold-6h hold=21601s
2026-08-29T07:25:44 CLOSE 1000BONK-USDT LONG pnl=0.0168 (0.570%) max-hold-6h hold=21601s
2026-08-29T08:43:44 LEV FONE-USDT x10 max=10
2026-08-29T09:05:36 LEV GPS-USDT x50 max=50
2026-08-29T09:36:34 LEV HYPE-USDT x100 max=100
2026-08-29T10:13:45 LEV KAS-USDT x75 max=75
2026-08-29T11:49:40 LEV BEAT-USDT x100 max=100
2026-08-29T11:49:40 RECOVER BEAT-USDT LONG qty=35.5 cid=Gx01og060308000xkclx
2026-08-29T11:49:41 CTRL sec-sl BEAT-USDT LONG STOP_MARKET sec=1 closePos=True qty=35.5 @0.139 oid=2093637201857974272
2026-08-29T11:49:41 CTRL sec-tp BEAT-USDT LONG TAKE_PROFIT_MARKET sec=1 closePos=True qty=35.5 @0.1427 oid=2093637203724439552
2026-08-29T11:49:52 CTRL FAIL sec-sl BEAT-USDT LONG position not exist px=0.1391 mark=0.1407 last=0.1407
2026-08-29T11:49:52 GHOST drop BEAT-USDT LONG ctrl-no-position qty=35.5
2026-08-29T11:49:52 CLOSE BEAT-USDT LONG pnl=-0.0075 (0.000%) ctrl-no-position hold=12s
2026-08-29T11:49:53 CTRL FAIL sec-tp BEAT-USDT LONG position not exist px=0.1426 mark=0.1409 last=0.1409
2026-08-29T11:49:58 LEV BEAT-USDT x100 max=100
2026-08-29T11:49:58 CTRL sec-sl BEAT-USDT LONG STOP_MARKET sec=1 closePos=True qty=35.3 @0.1398 oid=2093637274507513856
2026-08-29T11:49:59 CTRL sec-tp BEAT-USDT LONG TAKE_PROFIT_MARKET sec=1 closePos=True qty=35.3 @0.1431 oid=2093637276353007616
2026-08-29T11:50:29 CTRL FAIL sec-tp BEAT-USDT LONG position not exist px=0.1446 mark=0.1426 last=0.1426
2026-08-29T11:50:29 GHOST drop BEAT-USDT LONG ctrl-no-position qty=35.3
2026-08-29T11:50:29 CLOSE BEAT-USDT LONG pnl=0.0278 (0.706%) ctrl-no-position hold=31s
2026-08-29T11:58:04 LEV NOMINA-USDT x10 max=10
2026-08-29T12:07:04 LEV BEAT-USDT x100 max=100
2026-08-29T12:07:05 RECOVER BEAT-USDT LONG qty=35.3 cid=gx01vg060308000k1hvz
2026-08-29T12:07:06 CTRL sec-sl BEAT-USDT LONG STOP_MARKET sec=1 closePos=True qty=35.3 @0.1412 oid=2093641585480273920
2026-08-29T12:07:07 CTRL sec-tp BEAT-USDT LONG TAKE_PROFIT_MARKET sec=1 closePos=True qty=35.3 @0.1444 oid=2093641589871710208
2026-08-29T12:07:08 RECOVER MANCER-USDT LONG qty=1002.0 cid=Gx01og060308000t0czm
2026-08-29T12:07:09 CTRL sec-sl MANCER-USDT LONG STOP_MARKET sec=1 closePos=True qty=1002.0 @0.002848 oid=2093641595924090880
2026-08-29T12:07:09 CTRL sec-tp MANCER-USDT LONG TAKE_PROFIT_MARKET sec=1 closePos=True qty=1002.0 @0.0029 oid=2093641597668921344
2026-08-29T12:07:10 LEV LAB-USDT x25 max=25
2026-08-29T12:07:10 RECOVER LAB-USDT LONG qty=65.0 cid=Gx01og060308000wjf7y
2026-08-29T12:07:10 CTRL sec-sl LAB-USDT LONG STOP_MARKET sec=1 closePos=True qty=65.0 @0.07683 oid=2093641603234762752
2026-08-29T12:07:11 CTRL sec-tp LAB-USDT LONG TAKE_PROFIT_MARKET sec=1 closePos=True qty=65.0 @0.07806 oid=2093641604996370432
2026-08-29T12:07:11 CTRL flatten oversized BEAT-USDT notional=10
2026-08-29T12:07:12 CLOSE BEAT-USDT LONG pnl=-0.0712 (-0.559%) oversized hold=7s skip-eval
2026-08-29T12:07:16 TEST FAIL qa-controls missing=1 open=2 cool=0
2026-08-29T12:07:23 CTRL sec-sl MANCER-USDT SHORT STOP_MARKET sec=1 closePos=True qty=1694.0 @0.002882 oid=2093641656481452032
2026-08-29T12:07:24 CTRL sec-tp MANCER-USDT SHORT TAKE_PROFIT_MARKET sec=1 closePos=True qty=1694.0 @0.002825 oid=2093641658305974272
2026-08-29T12:07:27 CTRL flatten oversized LAB-USDT notional=10
2026-08-29T12:07:27 CLOSE LAB-USDT LONG pnl=-0.0396 (-0.245%) oversized hold=17s skip-eval
2026-08-29T12:07:32 RECOVER MANCER-USDT SHORT qty=1694.0 cid=Gx01og0603080007kmvd
2026-08-29T12:07:52 RECOVER PONS-USDT LONG qty=40.3 cid=Gx01og0603080000gutl
2026-08-29T12:07:53 CTRL sec-sl PONS-USDT LONG STOP_MARKET sec=1 closePos=True qty=40.3 @0.187619 oid=2093641780976783360
2026-08-29T12:07:53 CTRL sec-tp PONS-USDT LONG TAKE_PROFIT_MARKET sec=1 closePos=True qty=40.3 @0.190159 oid=2093641782868414464
2026-08-29T12:07:53 CTRL flatten oversized PONS-USDT notional=8
2026-08-29T12:07:54 CLOSE PONS-USDT LONG pnl=-0.0622 (-0.668%) oversized hold=1s skip-eval
2026-08-29T12:07:55 RECOVER MANCER-USDT SHORT qty=1694.0 cid=Gx01og0603080008pyo2
2026-08-29T12:08:04 LEV TUT-USDT x100 max=100
2026-08-29T12:08:05 RECOVER TUT-USDT SHORT qty=246.4 cid=Gx01og060308000bql53
2026-08-29T12:08:07 CTRL sec-tp TUT-USDT SHORT TAKE_PROFIT_MARKET sec=1 closePos=True qty=246.4 @0.04043 oid=2093641840372322304
2026-08-29T12:08:07 DROP stale local MANCER-USDT
2026-08-29T12:08:07 CTRL flatten oversized TUT-USDT notional=10
2026-08-29T12:08:07 CLOSE TUT-USDT SHORT pnl=-0.0446 (-0.295%) oversized hold=3s skip-eval
2026-08-29T12:08:12 CTRL sec-sl PONS-USDT LONG STOP_MARKET sec=1 closePos=True qty=105.7 @0.186814 oid=2093641863071895552
2026-08-29T12:08:13 CTRL sec-tp PONS-USDT LONG TAKE_PROFIT_MARKET sec=1 closePos=True qty=105.7 @0.189649 oid=2093641864909000704
2026-08-29T12:08:13 CTRL flatten oversized PONS-USDT notional=20
2026-08-29T12:08:14 RECOVER PONS-USDT LONG qty=105.7 cid=Gx01og060308000b24n3
2026-08-29T12:08:15 CTRL flatten oversized PONS-USDT notional=20
2026-08-29T12:08:15 CLOSE PONS-USDT LONG pnl=-0.1434 (-0.571%) oversized hold=2s skip-eval
2026-08-29T12:08:33 CTRL sec-tp PONS-USDT LONG TAKE_PROFIT_MARKET sec=1 closePos=True qty=91.7 @0.189612 oid=2093641950393110528
2026-08-29T12:08:33 CTRL flatten oversized PONS-USDT notional=17
2026-08-29T12:08:34 CLOSE PONS-USDT LONG pnl=-0.1368 (-0.642%) oversized hold=2s skip-eval
2026-08-29T12:08:37 LEV TUT-USDT x100 max=100
2026-08-29T12:08:37 RECOVER TUT-USDT SHORT qty=123.3 cid=Gx01og06030800081z7z
2026-08-29T12:08:37 CTRL sec-sl TUT-USDT SHORT STOP_MARKET sec=1 closePos=True qty=123.3 @0.0409 oid=2093641967749140480
2026-08-29T12:08:38 CTRL sec-tp TUT-USDT SHORT TAKE_PROFIT_MARKET sec=1 closePos=True qty=123.3 @0.04036 oid=2093641970332831744
2026-08-29T12:08:38 CTRL flatten oversized TUT-USDT notional=10
2026-08-29T12:24:39 pulse start bingx-x01 https://open-api.bingx.com
2026-08-29T12:24:43 eq=0.0 avail=0.0 regime=risk-off
2026-08-29T12:24:46 TEST FAIL cid-parse {'kind': 'o', 'pack': 'indications', 'sl': 0.3, 'trail': '', 'step': 8, 'idx': 0, 'set_id': 'indications:1m:sl0.3:st8'}
2026-08-29T12:24:46 TEST FAIL cid-idx {'kind': 'o', 'pack': 'indications', 'sl': 0.3, 'trail': '', 'step': 8, 'idx': 0, 'set_id': 'indications:1m:sl0.3:st8'}
2026-08-29T12:25:08 TEST FAIL qa-size-min btc n=0.00 min=7.77 lot=0.0001
2026-08-29T12:25:13 SKIP foreign APE-USDT LONG q=137.0
2026-08-29T12:26:13 SKIP foreign APE-USDT LONG q=137.0
2026-08-29T12:27:13 SKIP foreign APE-USDT LONG q=137.0
2026-08-29T12:28:13 SKIP foreign APE-USDT LONG q=137.0
2026-08-29T12:28:35 pulse start bingx-x01 https://open-api.bingx.com
2026-08-29T12:28:40 eq=0.3082 avail=0.0 regime=risk-off
2026-08-29T12:28:41 SKIP foreign APE-USDT LONG q=137.0
2026-08-29T12:28:44 TEST FAIL cid-parse {'kind': 'o', 'pack': 'indications', 'sl': 0.3, 'trail': '', 'step': 8, 'idx': 0, 'set_id': 'indications:1m:sl0.3:st8'}
2026-08-29T12:28:44 TEST FAIL cid-idx {'kind': 'o', 'pack': 'indications', 'sl': 0.3, 'trail': '', 'step': 8, 'idx': 0, 'set_id': 'indications:1m:sl0.3:st8'}
2026-08-29T12:28:44 TEST FAIL size-min-lot n=0.00 min_lot=8.00 cap=2.15
2026-08-29T12:28:44 TEST FAIL qa-size-min btc n=0.00 min=7.76 lot=0.0001
2026-08-29T12:29:41 SKIP foreign APE-USDT LONG q=137.0
2026-08-29T12:30:41 SKIP foreign APE-USDT LONG q=137.0
2026-08-29T12:31:42 SKIP foreign APE-USDT LONG q=137.0
2026-08-29T12:32:42 SKIP foreign APE-USDT LONG q=137.0
2026-08-29T12:33:42 SKIP foreign APE-USDT LONG q=137.0
2026-08-29T12:34:43 SKIP foreign APE-USDT LONG q=137.0
2026-08-29T12:35:43 SKIP foreign APE-USDT LONG q=137.0
2026-08-29T12:36:43 SKIP foreign APE-USDT LONG q=137.0
2026-08-29T12:37:44 SKIP foreign APE-USDT LONG q=137.0
2026-08-29T12:38:44 SKIP foreign APE-USDT LONG q=137.0
2026-08-29T12:39:44 SKIP foreign APE-USDT LONG q=137.0
2026-08-29T12:40:45 SKIP foreign APE-USDT LONG q=137.0
2026-08-29T12:41:45 SKIP foreign APE-USDT LONG q=137.0
2026-08-29T12:42:46 SKIP foreign APE-USDT LONG q=137.0
2026-08-29T12:43:46 SKIP foreign APE-USDT LONG q=137.0
2026-08-29T12:44:47 SKIP foreign APE-USDT LONG q=137.0
2026-08-29T12:45:47 SKIP foreign APE-USDT LONG q=137.0
2026-08-29T12:46:47 SKIP foreign APE-USDT LONG q=137.0
2026-08-29T12:47:48 SKIP foreign APE-USDT LONG q=137.0
2026-08-29T12:48:48 SKIP foreign APE-USDT LONG q=137.0
2026-08-29T12:49:49 SKIP foreign APE-USDT LONG q=137.0
2026-08-29T12:50:52 SKIP foreign APE-USDT LONG q=137.0
2026-08-29T12:51:55 SKIP foreign APE-USDT LONG q=137.0
2026-08-29T12:52:55 SKIP foreign APE-USDT LONG q=137.0
2026-08-29T12:53:55 SKIP foreign APE-USDT LONG q=137.0
2026-08-29T12:54:56 SKIP foreign APE-USDT LONG q=137.0
2026-08-29T12:55:56 SKIP foreign APE-USDT LONG q=137.0
2026-08-29T12:56:56 SKIP foreign APE-USDT LONG q=137.0
2026-08-29T12:57:56 SKIP foreign APE-USDT LONG q=137.0
2026-08-29T12:58:57 SKIP foreign APE-USDT LONG q=137.0
2026-08-29T12:59:57 SKIP foreign APE-USDT LONG q=137.0
2026-08-29T13:00:58 SKIP foreign APE-USDT LONG q=137.0
2026-08-29T13:01:59 SKIP foreign APE-USDT LONG q=137.0
2026-08-29T13:02:59 SKIP foreign APE-USDT LONG q=137.0
2026-08-29T13:04:00 SKIP foreign APE-USDT LONG q=137.0
2026-08-29T13:05:00 SKIP foreign APE-USDT LONG q=137.0
2026-08-29T13:06:01 SKIP foreign APE-USDT LONG q=137.0
2026-08-29T13:07:02 SKIP foreign APE-USDT LONG q=137.0
2026-08-29T13:08:02 SKIP foreign APE-USDT LONG q=137.0
2026-08-29T13:09:02 SKIP foreign APE-USDT LONG q=137.0
2026-08-29T13:10:02 SKIP foreign APE-USDT LONG q=137.0
2026-08-29T13:11:02 SKIP foreign APE-USDT LONG q=137.0
2026-08-29T13:12:03 SKIP foreign APE-USDT LONG q=137.0
2026-08-29T13:13:03 SKIP foreign APE-USDT LONG q=137.0
2026-08-29T13:14:03 SKIP foreign APE-USDT LONG q=137.0
2026-08-29T13:15:03 SKIP foreign APE-USDT LONG q=137.0
2026-08-29T13:16:04 SKIP foreign APE-USDT LONG q=137.0
2026-08-29T13:17:05 SKIP foreign APE-USDT LONG q=137.0
2026-08-29T13:18:05 SKIP foreign APE-USDT LONG q=137.0
2026-08-29T13:19:05 SKIP foreign APE-USDT LONG q=137.0
2026-08-29T13:20:06 SKIP foreign APE-USDT LONG q=137.0
2026-08-29T13:21:06 SKIP foreign APE-USDT LONG q=137.0
2026-08-29T13:22:06 SKIP foreign APE-USDT LONG q=137.0
2026-08-29T13:23:07 SKIP foreign APE-USDT LONG q=137.0
2026-08-29T13:24:07 SKIP foreign APE-USDT LONG q=137.0
2026-08-29T13:25:07 SKIP foreign APE-USDT LONG q=137.0
2026-08-29T13:26:08 SKIP foreign APE-USDT LONG q=137.0
2026-08-29T13:27:08 SKIP foreign APE-USDT LONG q=137.0
2026-08-29T13:28:09 SKIP foreign APE-USDT LONG q=137.0
2026-08-29T13:29:09 SKIP foreign APE-USDT LONG q=137.0
2026-08-29T13:30:10 SKIP foreign APE-USDT LONG q=137.0
2026-08-29T13:31:10 SKIP foreign APE-USDT LONG q=137.0
2026-08-29T13:32:11 SKIP foreign APE-USDT LONG q=137.0
2026-08-29T13:33:14 SKIP foreign APE-USDT LONG q=137.0
2026-08-29T13:34:15 SKIP foreign APE-USDT LONG q=137.0
2026-08-29T13:35:15 SKIP foreign APE-USDT LONG q=137.0
2026-08-29T13:36:15 SKIP foreign APE-USDT LONG q=137.0
2026-08-29T13:37:16 SKIP foreign APE-USDT LONG q=137.0
2026-08-29T13:38:16 SKIP foreign APE-USDT LONG q=137.0
2026-08-29T13:39:17 SKIP foreign APE-USDT LONG q=137.0
2026-08-29T13:40:17 SKIP foreign APE-USDT LONG q=137.0
2026-08-29T13:41:18 SKIP foreign APE-USDT LONG q=137.0
2026-08-29T13:42:18 SKIP foreign APE-USDT LONG q=137.0
