2026-08-29T13:30:57 ORDER FAIL ROSE-USDT SHORT cooling
2026-08-29T13:30:57 ORDER FAIL MEW-USDT SHORT cooling
2026-08-29T13:30:57 ORDER FAIL BIGTIME-USDT SHORT cooling
2026-08-29T13:30:57 ORDER FAIL ZKC-USDT SHORT cooling
2026-08-29T13:30:57 ORDER FAIL LYN-USDT SHORT cooling
2026-08-29T13:30:57 ORDER FAIL LQTY-USDT SHORT cooling
2026-08-29T13:30:57 ORDER FAIL FLOKI-USDT SHORT cooling
2026-08-29T13:30:57 ORDER FAIL WIF-USDT SHORT cooling
2026-08-29T13:30:57 ORDER FAIL MTL-USDT SHORT cooling
2026-08-29T13:30:57 ORDER FAIL RON-USDT SHORT cooling
2026-08-29T13:30:57 ORDER FAIL FRAX-USDT SHORT cooling
2026-08-29T13:30:57 ORDER FAIL CFX-USDT SHORT cooling
2026-08-29T13:30:57 ORDER FAIL FIGHTID-USDT SHORT cooling
2026-08-29T13:30:57 ORDER FAIL HYPE-USDT SHORT cooling
2026-08-29T13:30:57 ORDER FAIL ETC-USDT SHORT cooling
2026-08-29T13:30:57 ORDER FAIL TNSR-USDT SHORT cooling
2026-08-29T13:30:57 ORDER FAIL BISCOTTI-USDT SHORT cooling
2026-08-29T13:30:57 ORDER FAIL XRP-USDT SHORT cooling
2026-08-29T13:30:57 ORDER FAIL LINK-USDT SHORT cooling
2026-08-29T13:30:57 ORDER FAIL SFP-USDT SHORT cooling
2026-08-29T13:30:57 ORDER FAIL POL-USDT SHORT cooling
2026-08-29T13:30:57 ORDER FAIL PROVE-USDT SHORT cooling
2026-08-29T13:30:57 ORDER FAIL IMX-USDT SHORT cooling
2026-08-29T13:30:57 ORDER FAIL ORCA-USDT SHORT cooling
2026-08-29T13:30:57 ORDER FAIL Q-USDT SHORT cooling
2026-08-29T13:30:57 ORDER FAIL NMR-USDT SHORT cooling
2026-08-29T13:30:57 ORDER FAIL STO-USDT SHORT cooling
2026-08-29T13:30:57 ORDER FAIL ID-USDT SHORT cooling
2026-08-29T13:30:57 ORDER FAIL ADA-USDT SHORT cooling
2026-08-29T13:30:57 ORDER FAIL COLLECT-USDT SHORT cooling
2026-08-29T13:30:57 ORDER FAIL FIL-USDT SHORT cooling
2026-08-29T13:30:57 ORDER FAIL AEONBSC-USDT SHORT cooling
2026-08-29T13:30:57 ORDER FAIL XNY-USDT SHORT cooling
2026-08-29T13:30:57 ORDER FAIL BAS-USDT SHORT cooling
2026-08-29T13:30:57 ORDER FAIL RVN-USDT SHORT cooling
2026-08-29T13:30:57 ORDER FAIL AZTEC-USDT SHORT cooling
2026-08-29T13:30:57 ORDER FAIL RLC-USDT SHORT cooling
2026-08-29T13:30:57 ORDER FAIL BASECAT-USDT SHORT cooling
2026-08-29T13:30:57 ORDER FAIL PUMPBTC-USDT SHORT cooling
2026-08-29T13:30:57 ORDER FAIL CHIP-USDT SHORT cooling
2026-08-29T13:30:57 ORDER FAIL M-USDT SHORT cooling
2026-08-29T13:30:57 ORDER FAIL TURBO-USDT SHORT cooling
2026-08-29T13:30:57 ORDER FAIL ALT-USDT SHORT cooling
2026-08-29T13:30:57 ORDER FAIL CROSS-USDT SHORT cooling
2026-08-29T13:30:57 ORDER FAIL MNT-USDT SHORT cooling
2026-08-29T13:30:57 ORDER FAIL ALGO-USDT SHORT cooling
2026-08-29T13:30:57 ORDER FAIL 1000BONK-USDT SHORT cooling
2026-08-29T13:30:57 ORDER FAIL LONGXIA-USDT SHORT cooling
2026-08-29T13:30:57 ORDER FAIL KITE-USDT SHORT cooling
2026-08-29T13:30:57 ORDER FAIL KNC-USDT SHORT cooling
2026-08-29T13:30:57 ORDER FAIL KOMA-USDT SHORT cooling
2026-08-29T13:30:57 ORDER FAIL LISTA-USDT SHORT cooling
2026-08-29T13:30:57 ORDER FAIL NES-USDT SHORT cooling
2026-08-29T13:30:57 ORDER FAIL YGG-USDT SHORT cooling
2026-08-29T13:30:57 ORDER FAIL TA-USDT SHORT cooling
2026-08-29T13:30:57 ORDER FAIL ZRO-USDT SHORT cooling
2026-08-29T13:30:57 ORDER FAIL SQD-USDT SHORT cooling
2026-08-29T13:30:57 ORDER FAIL RPL-USDT SHORT cooling
2026-08-29T13:30:57 ORDER FAIL PISTACIO-USDT SHORT cooling
2026-08-29T13:30:57 ORDER FAIL PIPEDOG-USDT SHORT cooling
2026-08-29T13:30:57 ORDER FAIL ORDI-USDT SHORT cooling
2026-08-29T13:30:57 ORDER FAIL ORDER-USDT SHORT cooling
2026-08-29T13:30:57 ORDER FAIL JUP-USDT SHORT cooling
2026-08-29T13:30:57 ORDER FAIL GENIUS-USDT SHORT cooling
2026-08-29T13:30:57 ORDER FAIL DEEP-USDT SHORT cooling
2026-08-29T13:30:57 ORDER FAIL CGPT-USDT SHORT cooling
2026-08-29T13:30:57 ORDER FAIL BTW-USDT SHORT cooling
2026-08-29T13:30:57 ORDER FAIL BERA-USDT SHORT cooling
2026-08-29T13:30:57 ORDER FAIL ATOM-USDT SHORT cooling
2026-08-29T13:30:57 ORDER FAIL ACH-USDT SHORT cooling
2026-08-29T13:30:57 ORDER FAIL ARPA-USDT SHORT cooling
2026-08-29T13:30:57 ORDER FAIL FIDA-USDT SHORT cooling
2026-08-29T13:30:57 ORDER FAIL BOME-USDT SHORT cooling
2026-08-29T13:30:57 ORDER FAIL GENSYN-USDT SHORT cooling
2026-08-29T13:30:57 ORDER FAIL PORTAL-USDT SHORT cooling
2026-08-29T13:30:57 ORDER FAIL RAVE-USDT SHORT cooling
2026-08-29T13:30:57 ORDER FAIL SPX-USDT SHORT cooling
2026-08-29T13:30:57 ORDER FAIL TRIA-USDT SHORT cooling
2026-08-29T13:30:57 ORDER FAIL DIA-USDT SHORT cooling
2026-08-29T13:30:57 ORDER FAIL APR-USDT SHORT cooling
2026-08-29T13:30:57 ORDER FAIL PRL-USDT SHORT cooling
2026-08-29T13:30:57 ORDER FAIL BSV-USDT SHORT cooling
2026-08-29T13:30:57 ORDER FAIL XAUT-USDT SHORT cooling
2026-08-29T13:30:57 ORDER FAIL UMA-USDT SHORT cooling
2026-08-29T13:30:57 ORDER FAIL IDOL-USDT SHORT cooling
2026-08-29T13:30:57 ORDER FAIL SKY-USDT SHORT cooling
2026-08-29T13:30:57 ORDER FAIL SKYAI-USDT SHORT cooling
2026-08-29T13:30:57 ORDER FAIL ARK-USDT SHORT cooling
2026-08-29T13:30:57 ORDER FAIL PENGU-USDT SHORT cooling
2026-08-29T13:30:57 ORDER FAIL FOGO-USDT SHORT cooling
2026-08-29T13:30:57 ORDER FAIL FLUID-USDT SHORT cooling
2026-08-29T13:30:57 ORDER FAIL CLANKER-USDT SHORT cooling
2026-08-29T13:30:57 ORDER FAIL APT-USDT SHORT cooling
2026-08-29T13:30:57 ORDER FAIL OPN-USDT SHORT cooling
2026-08-29T13:30:57 ORDER FAIL HBAR-USDT SHORT cooling
2026-08-29T13:30:57 ORDER FAIL G-USDT SHORT cooling
2026-08-29T13:30:57 ORDER FAIL RE-USDT SHORT cooling
2026-08-29T13:30:57 ORDER FAIL GWEI-USDT SHORT cooling
2026-08-29T13:30:57 ORDER FAIL MIRANETWORK-USDT SHORT cooling
2026-08-29T13:30:57 ORDER FAIL HEMI-USDT SHORT cooling
2026-08-29T13:30:57 ORDER FAIL UNI-USDT SHORT cooling
2026-08-29T13:30:57 ORDER FAIL PARTI-USDT SHORT cooling
2026-08-29T13:30:57 ORDER FAIL FOLKS-USDT SHORT cooling
2026-08-29T13:30:57 ORDER FAIL ZAMA-USDT SHORT cooling
2026-08-29T13:30:57 ORDER FAIL ACT-USDT SHORT cooling
2026-08-29T13:30:57 ORDER FAIL BEAT-USDT SHORT cooling
2026-08-29T13:30:57 ORDER FAIL TAC-USDT LONG cooling
2026-08-29T13:30:57 ORDER FAIL PROM-USDT LONG cooling
2026-08-29T13:30:57 ORDER FAIL CATE-USDT LONG cooling
2026-08-29T13:30:57 ORDER FAIL CASHCAT-USDT LONG cooling
2026-08-29T13:30:57 ORDER FAIL SIREN-USDT LONG cooling
2026-08-29T13:30:57 ORDER FAIL BROCCOLI-USDT LONG cooling
2026-08-29T13:30:57 ORDER FAIL OPG-USDT LONG cooling
2026-08-29T13:30:57 ORDER FAIL STBL-USDT LONG cooling
2026-08-29T13:30:57 ORDER FAIL USELESS-USDT LONG cooling
2026-08-29T13:30:57 ORDER FAIL CUPSEY-USDT LONG cooling
2026-08-29T13:30:57 ORDER FAIL XAN-USDT LONG cooling
2026-08-29T13:30:57 ORDER FAIL COOKIE-USDT LONG cooling
2026-08-29T13:30:57 ORDER FAIL FLUX-USDT LONG cooling
2026-08-29T13:30:57 ORDER FAIL ZKP-USDT LONG cooling
2026-08-29T13:30:57 ORDER FAIL CHILLGUY-USDT LONG cooling
2026-08-29T13:30:57 ORDER FAIL GIGGLE-USDT LONG cooling
2026-08-29T13:30:57 ORDER FAIL SPK-USDT LONG cooling
2026-08-29T13:30:57 ORDER FAIL BITLIGHT-USDT LONG cooling
2026-08-29T13:30:57 ORDER FAIL TWT-USDT LONG cooling
2026-08-29T13:30:57 ORDER FAIL BANANAS31-USDT LONG cooling
2026-08-29T13:30:57 ORDER FAIL ZEC-USDT LONG cooling
2026-08-29T13:30:57 ORDER FAIL MINA-USDT LONG cooling
2026-08-29T13:30:57 ORDER FAIL GMX-USDT LONG cooling
2026-08-29T13:30:57 ORDER FAIL EDU-USDT LONG cooling
2026-08-29T13:30:57 ORDER FAIL EIGEN-USDT LONG cooling
2026-08-29T13:30:57 ORDER FAIL MMT-USDT LONG cooling
2026-08-29T13:30:57 ORDER FAIL HOME-USDT LONG cooling
2026-08-29T13:30:57 ORDER FAIL BIO-USDT LONG cooling
2026-08-29T13:30:57 ORDER FAIL ROBO-USDT LONG cooling
2026-08-29T13:30:57 ORDER FAIL ALLO-USDT LONG cooling
2026-08-29T13:30:57 ORDER FAIL BANK-USDT LONG cooling
2026-08-29T13:30:57 ORDER FAIL PNUT-USDT LONG cooling
2026-08-29T13:30:57 ORDER FAIL XPL-USDT LONG cooling
2026-08-29T13:30:57 ORDER FAIL ONG-USDT LONG cooling
2026-08-29T13:30:57 ORDER FAIL FARTCOIN-USDT LONG cooling
2026-08-29T13:30:57 ORDER FAIL CAP-USDT LONG cooling
2026-08-29T13:30:57 ORDER FAIL CRO-USDT LONG cooling
2026-08-29T13:30:57 ORDER FAIL SPACECOIN-USDT LONG cooling
2026-08-29T13:30:57 ORDER FAIL PI-USDT LONG cooling
2026-08-29T13:30:57 ORDER FAIL KAITO-USDT LONG cooling
2026-08-29T13:30:57 ORDER FAIL MASK-USDT LONG cooling
2026-08-29T13:30:57 ORDER FAIL NIL-USDT LONG cooling
2026-08-29T13:30:57 ORDER FAIL ON-USDT LONG cooling
2026-08-29T13:30:57 ORDER FAIL IRYS-USDT LONG cooling
2026-08-29T13:30:57 ORDER FAIL DOLO-USDT LONG cooling
2026-08-29T13:30:57 ORDER FAIL ATH-USDT LONG cooling
2026-08-29T13:30:57 ORDER FAIL CORE-USDT LONG cooling
2026-08-29T13:30:57 ORDER FAIL VIRTUAL-USDT LONG cooling
2026-08-29T13:30:57 ORDER FAIL CFG-USDT LONG cooling
2026-08-29T13:30:57 ORDER FAIL SLX-USDT LONG cooling
2026-08-29T13:30:57 ORDER FAIL CARV-USDT LONG cooling
2026-08-29T13:30:57 ORDER FAIL RUNE-USDT LONG cooling
2026-08-29T13:30:57 ORDER FAIL WOTAMALAILE-USDT LONG cooling
2026-08-29T13:30:57 ORDER FAIL WAVES-USDT LONG cooling
2026-08-29T13:30:57 ORDER FAIL BSB-USDT LONG cooling
2026-08-29T13:30:57 ORDER FAIL VELVET-USDT LONG cooling
2026-08-29T13:30:57 ORDER FAIL ONE-USDT LONG cooling
2026-08-29T13:30:57 ORDER FAIL AIOT-USDT LONG cooling
2026-08-29T13:30:57 ORDER FAIL AIXBT-USDT LONG cooling
2026-08-29T13:30:57 ORDER FAIL ARIA-USDT LONG cooling
2026-08-29T13:30:57 ORDER FAIL KGEN-USDT LONG cooling
2026-08-29T13:30:57 ORDER FAIL CYS-USDT LONG cooling
2026-08-29T13:30:57 ORDER FAIL ENS-USDT LONG cooling
2026-08-29T13:30:57 ORDER FAIL VVV-USDT LONG cooling
2026-08-29T13:30:57 ORDER FAIL CC-USDT LONG cooling
2026-08-29T13:30:57 ORDER FAIL ZK-USDT LONG cooling
2026-08-29T13:30:57 ORDER FAIL TURTLE-USDT LONG cooling
2026-08-29T13:30:57 ORDER FAIL AXS-USDT LONG cooling
2026-08-29T13:30:57 ORDER FAIL JIMOTHY-USDT LONG cooling
2026-08-29T13:30:57 ORDER FAIL RATS-USDT LONG cooling
2026-08-29T13:30:57 ORDER FAIL ETHFI-USDT LONG cooling
2026-08-29T13:30:57 ORDER FAIL AGI-USDT LONG cooling
2026-08-29T13:30:57 ORDER FAIL TRUTH-USDT LONG cooling
2026-08-29T13:30:57 ORDER FAIL PUMP-USDT LONG cooling
2026-08-29T13:30:57 ORDER FAIL LA-USDT LONG cooling
2026-08-29T13:30:57 ORDER FAIL POPCAT-USDT LONG cooling
2026-08-29T13:30:57 ORDER FAIL PIPPIN-USDT LONG cooling
2026-08-29T13:30:57 ORDER FAIL OKB-USDT LONG cooling
2026-08-29T13:30:57 ORDER FAIL RIVER-USDT LONG cooling
2026-08-29T13:30:57 ORDER FAIL ARC-USDT LONG cooling
2026-08-29T13:30:57 ORDER FAIL ESPORTS-USDT LONG cooling
2026-08-29T13:30:57 ORDER FAIL GRASS-USDT LONG cooling
2026-08-29T13:30:57 ORDER FAIL GUA-USDT LONG cooling
2026-08-29T13:30:57 ORDER FAIL FET-USDT LONG cooling
2026-08-29T13:30:57 ORDER FAIL TAKE-USDT LONG cooling
2026-08-29T13:30:57 ORDER FAIL HANA-USDT LONG cooling
2026-08-29T13:30:57 ORDER FAIL EUL-USDT LONG cooling
2026-08-29T13:30:57 ORDER FAIL INX-USDT LONG cooling
2026-08-29T13:30:57 ORDER FAIL LDO-USDT LONG cooling
2026-08-29T13:30:57 ORDER FAIL COTI-USDT LONG cooling
2026-08-29T13:30:57 ORDER FAIL OG-USDT LONG cooling
2026-08-29T13:30:57 ORDER FAIL GEOD-USDT LONG cooling
2026-08-29T13:30:57 ORDER FAIL LUNA-USDT LONG cooling
2026-08-29T13:30:57 ORDER FAIL ONT-USDT LONG cooling
2026-08-29T13:30:57 ORDER FAIL XLM-USDT LONG cooling
2026-08-29T13:30:57 ORDER FAIL CATI-USDT LONG cooling
2026-08-29T13:30:57 ORDER FAIL BNLIFE-USDT LONG cooling
2026-08-29T13:30:57 ORDER FAIL O-USDT LONG cooling
2026-08-29T13:30:57 ORDER FAIL AERO-USDT LONG cooling
2026-08-29T13:30:57 ORDER FAIL AGT-USDT LONG cooling
2026-08-29T13:30:57 ORDER FAIL 1INCH-USDT LONG cooling
2026-08-29T13:30:57 ORDER FAIL AKE-USDT LONG cooling
2026-08-29T13:30:57 ORDER FAIL PROMPT-USDT LONG cooling
2026-08-29T13:30:57 ORDER FAIL MANTA-USDT LONG cooling
2026-08-29T13:30:57 ORDER FAIL GUN-USDT LONG cooling
2026-08-29T13:30:57 ORDER FAIL 4-USDT LONG cooling
2026-08-29T13:30:57 ORDER FAIL CZ-USDT LONG cooling
2026-08-29T13:30:57 ORDER FAIL LIGHTER-USDT LONG cooling
2026-08-29T13:30:57 ORDER FAIL HUMA-USDT LONG cooling
2026-08-29T13:30:57 ORDER FAIL AGLD-USDT LONG cooling
2026-08-29T13:30:57 ORDER FAIL 10000NEX-USDT LONG cooling
2026-08-29T13:30:57 ORDER FAIL PLUME-USDT LONG cooling
2026-08-29T13:30:57 ORDER FAIL ICNT-USDT LONG cooling
2026-08-29T13:30:57 ORDER FAIL AIO-USDT LONG cooling
2026-08-29T13:30:57 ORDER FAIL KAVA-USDT LONG cooling
2026-08-29T13:30:57 ORDER FAIL EVAA-USDT LONG cooling
2026-08-29T13:30:57 ORDER FAIL KAIA-USDT LONG cooling
2026-08-29T13:30:57 ORDER FAIL RENDER-USDT LONG cooling
2026-08-29T13:30:57 ORDER FAIL DGAI-USDT LONG cooling
2026-08-29T13:30:57 ORDER FAIL ZEREBRO-USDT LONG cooling
2026-08-29T13:30:57 ORDER FAIL SXT-USDT LONG cooling
2026-08-29T13:30:57 ORDER FAIL STAR-USDT LONG cooling
2026-08-29T13:30:57 ORDER FAIL SENT-USDT LONG cooling
2026-08-29T13:30:57 ORDER FAIL RECALL-USDT LONG cooling
2026-08-29T13:30:57 ORDER FAIL PURR-USDT LONG cooling
2026-08-29T13:30:57 ORDER FAIL NXPC-USDT LONG cooling
2026-08-29T13:30:57 ORDER FAIL MONAD-USDT LONG cooling
2026-08-29T13:30:57 ORDER FAIL KERNEL-USDT LONG cooling
2026-08-29T13:30:57 ORDER FAIL IO-USDT LONG cooling
2026-08-29T13:30:57 ORDER FAIL HYPERLANE-USDT LONG cooling
2026-08-29T13:30:57 ORDER FAIL GRVT-USDT LONG cooling
2026-08-29T13:30:57 ORDER FAIL FOLD-USDT LONG cooling
2026-08-29T13:30:57 ORDER FAIL FLOCK-USDT LONG cooling
2026-08-29T13:30:57 ORDER FAIL FF-USDT LONG cooling
2026-08-29T13:30:57 ORDER FAIL B-USDT LONG cooling
2026-08-29T13:30:57 ORDER FAIL AT-USDT LONG cooling
2026-08-29T13:30:57 ORDER FAIL 1000SHIB-USDT LONG cooling
2026-08-29T13:30:57 ORDER FAIL ARB-USDT LONG cooling
2026-08-29T13:30:57 ORDER FAIL MUBARAK-USDT LONG cooling
2026-08-29T13:30:57 ORDER FAIL GRAMTON-USDT LONG cooling
2026-08-29T13:30:57 ORDER FAIL AWE-USDT LONG cooling
2026-08-29T13:30:57 ORDER FAIL TST-USDT LONG cooling
2026-08-29T13:30:57 ORDER FAIL MERL-USDT LONG cooling
2026-08-29T13:30:57 ORDER FAIL 1000CHEEMS-USDT LONG cooling
2026-08-29T13:30:57 ORDER FAIL F-USDT LONG cooling
2026-08-29T13:30:57 ORDER FAIL BLESS-USDT LONG cooling
2026-08-29T13:30:57 ORDER FAIL JTO-USDT LONG cooling
2026-08-29T13:30:57 ORDER FAIL VELODROME-USDT LONG cooling
2026-08-29T13:30:57 ORDER FAIL NIGHT-USDT LONG cooling
2026-08-29T13:30:57 ORDER FAIL SPORTFUN-USDT LONG cooling
2026-08-29T13:30:57 ORDER FAIL US-USDT SHORT cooling
2026-08-29T13:30:57 ORDER FAIL KII-USDT SHORT cooling
2026-08-29T13:30:57 ORDER FAIL MAGMA-USDT SHORT cooling
2026-08-29T13:30:57 ORDER FAIL AKT-USDT SHORT cooling
2026-08-29T13:30:57 ORDER FAIL NAORIS-USDT SHORT cooling
2026-08-29T13:30:57 ORDER FAIL SOMI-USDT SHORT cooling
2026-08-29T13:30:57 ORDER FAIL SOON-USDT SHORT cooling
2026-08-29T13:30:57 ORDER FAIL SUPER-USDT SHORT cooling
2026-08-29T13:30:57 ORDER FAIL SIGN-USDT SHORT cooling
2026-08-29T13:30:57 ORDER FAIL RIF-USDT SHORT cooling
2026-08-29T13:30:57 ORDER FAIL OFC-USDT SHORT cooling
2026-08-29T13:30:57 ORDER FAIL MOODENG-USDT SHORT cooling
2026-08-29T13:30:57 ORDER FAIL SUN-USDT SHORT cooling
2026-08-29T13:30:57 ORDER FAIL GLM-USDT SHORT cooling
2026-08-29T13:30:57 ORDER FAIL ESP-USDT SHORT cooling
2026-08-29T13:30:57 ORDER FAIL ZRX-USDT SHORT cooling
2026-08-29T13:30:57 ORDER FAIL QTUM-USDT SHORT cooling
2026-08-29T13:30:57 ORDER FAIL PENDLE-USDT SHORT cooling
2026-08-29T13:30:57 ORDER FAIL TAIKO-USDT SHORT cooling
2026-08-29T13:30:57 ORDER FAIL BB-USDT SHORT cooling
2026-08-29T13:30:57 ORDER FAIL ANSEM-USDT SHORT cooling
2026-08-29T13:30:57 ORDER FAIL BTC-USDT SHORT cooling
2026-08-29T13:30:57 ORDER FAIL LSK-USDT SHORT cooling
2026-08-29T13:30:57 ORDER FAIL POLYX-USDT SHORT cooling
2026-08-29T13:30:57 ORDER FAIL PHA-USDT SHORT cooling
2026-08-29T13:30:57 ORDER FAIL SAHARA-USDT SHORT cooling
2026-08-29T13:30:57 ORDER FAIL FONE-USDT SHORT cooling
2026-08-29T13:30:57 ORDER FAIL WAL-USDT SHORT cooling
2026-08-29T13:30:57 ORDER FAIL ACU-USDT SHORT cooling
2026-08-29T13:30:57 ORDER FAIL A-USDT SHORT cooling
2026-08-29T13:30:57 ORDER FAIL IN-USDT SHORT cooling
2026-08-29T13:30:57 ORDER FAIL VET-USDT SHORT cooling
2026-08-29T13:30:57 ORDER FAIL MAV-USDT SHORT cooling
2026-08-29T13:30:57 ORDER FAIL ANKR-USDT SHORT cooling
2026-08-29T13:30:57 ORDER FAIL SYN-USDT SHORT cooling
2026-08-29T13:30:57 ORDER FAIL RARE-USDT SHORT cooling
2026-08-29T13:30:57 ORDER FAIL SUSHI-USDT SHORT cooling
2026-08-29T13:30:57 ORDER FAIL AXL-USDT SHORT cooling
2026-08-29T13:30:57 ORDER FAIL RSR-USDT SHORT cooling
2026-08-29T13:30:57 ORDER FAIL BIRB-USDT SHORT cooling
2026-08-29T13:30:57 ORDER FAIL ME-USDT SHORT cooling
2026-08-29T13:30:57 ORDER FAIL ALIGN-USDT SHORT cooling
2026-08-29T13:30:57 ORDER FAIL PEOPLE-USDT SHORT cooling
2026-08-29T13:30:57 ORDER FAIL IOTX-USDT SHORT cooling
2026-08-29T13:30:57 ORDER FAIL XMR-USDT SHORT cooling
2026-08-29T13:30:57 ORDER FAIL AIN-USDT SHORT cooling
2026-08-29T13:30:57 ORDER FAIL METEORA-USDT SHORT cooling
2026-08-29T13:30:57 ORDER FAIL MAGIC-USDT SHORT cooling
2026-08-29T13:30:57 ORDER FAIL S-USDT SHORT cooling
2026-08-29T13:30:57 ORDER FAIL APEX-USDT SHORT cooling
2026-08-29T13:30:57 ORDER FAIL ALPINE-USDT SHORT cooling
2026-08-29T13:30:57 ORDER FAIL HEI-USDT SHORT cooling
2026-08-29T13:30:57 ORDER FAIL CKB-USDT SHORT cooling
2026-08-29T13:30:57 ORDER FAIL AR-USDT SHORT cooling
2026-08-29T13:30:57 ORDER FAIL STEEM-USDT SHORT cooling
2026-08-29T13:30:57 ORDER FAIL ASTR-USDT SHORT cooling
2026-08-29T13:30:57 ORDER FAIL GRT-USDT SHORT cooling
2026-08-29T13:30:57 ORDER FAIL WCT-USDT SHORT cooling
2026-08-29T13:30:57 ORDER FAIL W-USDT SHORT cooling
2026-08-29T13:30:57 ORDER FAIL SLP-USDT SHORT cooling
2026-08-29T13:30:57 ORDER FAIL API3-USDT SHORT cooling
2026-08-29T13:30:57 ORDER FAIL ZEST-USDT SHORT cooling
2026-08-29T13:30:57 ORDER FAIL DATANETWORK-USDT SHORT cooling
2026-08-29T13:30:57 ORDER FAIL LAYER-USDT SHORT cooling
2026-08-29T13:30:57 ORDER FAIL H-USDT SHORT cooling
2026-08-29T13:30:57 ORDER FAIL IOTA-USDT SHORT cooling
2026-08-29T13:30:57 ORDER FAIL TERMMAX-USDT SHORT cooling
2026-08-29T13:30:57 ORDER FAIL DOT-USDT SHORT cooling
2026-08-29T13:30:57 ORDER FAIL SOLV-USDT SHORT cooling
2026-08-29T13:30:57 ORDER FAIL MELANIA-USDT SHORT cooling
2026-08-29T13:30:57 ORDER FAIL BAT-USDT SHORT cooling
2026-08-29T13:30:57 ORDER FAIL INIT-USDT SHORT cooling
2026-08-29T13:30:57 ORDER FAIL LUMIA-USDT SHORT cooling
2026-08-29T13:30:57 ORDER FAIL CHR-USDT SHORT cooling
2026-08-29T13:30:57 ORDER FAIL EGLD-USDT SHORT cooling
2026-08-29T13:30:57 ORDER FAIL C-USDT SHORT cooling
2026-08-29T13:30:57 ORDER FAIL ASTER-USDT SHORT cooling
2026-08-29T13:30:57 ORDER FAIL STX-USDT SHORT cooling
2026-08-29T13:30:57 ORDER FAIL ENJ-USDT SHORT cooling
2026-08-29T13:30:57 ORDER FAIL SKL-USDT SHORT cooling
2026-08-29T13:30:57 ORDER FAIL BCH-USDT SHORT cooling
2026-08-29T13:30:57 ORDER FAIL SYRUP-USDT SHORT cooling
2026-08-29T13:30:57 ORDER FAIL QNT-USDT SHORT cooling
2026-08-29T13:30:57 ORDER FAIL WOO-USDT SHORT cooling
2026-08-29T13:30:57 ORDER FAIL WET-USDT SHORT cooling
2026-08-29T13:30:57 ORDER FAIL IOST-USDT SHORT cooling
2026-08-29T13:30:57 ORDER FAIL POWR-USDT SHORT cooling
2026-08-29T13:30:57 ORDER FAIL MANA-USDT SHORT cooling
2026-08-29T13:30:57 ORDER FAIL MOVR-USDT SHORT cooling
2026-08-29T13:30:57 ORDER FAIL PIXEL-USDT SHORT cooling
2026-08-29T13:30:57 ORDER FAIL MANCER-USDT SHORT cooling
2026-08-29T13:30:57 ORDER FAIL EDGEX-USDT SHORT cooling
2026-08-29T13:30:57 ORDER FAIL ENA-USDT SHORT cooling
2026-08-29T13:30:57 ORDER FAIL AVAAI-USDT SHORT cooling
2026-08-29T13:30:57 ORDER FAIL YFI-USDT SHORT cooling
2026-08-29T13:30:57 ORDER FAIL KAT-USDT SHORT cooling
2026-08-29T13:30:57 ORDER FAIL ARX-USDT SHORT cooling
2026-08-29T13:30:57 ORDER FAIL REZ-USDT SHORT cooling
2026-08-29T13:30:57 ORDER FAIL AVA-USDT SHORT cooling
2026-08-29T13:30:57 ORDER FAIL BLUR-USDT SHORT cooling
2026-08-29T13:30:57 ORDER FAIL SAND-USDT SHORT cooling
2026-08-29T13:30:57 ORDER FAIL COMP-USDT SHORT cooling
2026-08-29T13:30:57 ORDER FAIL INJ-USDT SHORT cooling
2026-08-29T13:30:57 ORDER FAIL AAVE-USDT SHORT cooling
2026-08-29T13:30:57 ORDER FAIL ZEN-USDT SHORT cooling
2026-08-29T13:30:57 ORDER FAIL EPIC-USDT SHORT cooling
2026-08-29T13:30:57 ORDER FAIL METIS-USDT SHORT cooling
2026-08-29T13:30:57 ORDER FAIL NEO-USDT SHORT cooling
2026-08-29T13:30:57 ORDER FAIL CETUS-USDT SHORT cooling
2026-08-29T13:30:57 ORDER FAIL BILL-USDT SHORT cooling
2026-08-29T13:30:57 ORDER FAIL KAS-USDT SHORT cooling
2026-08-29T13:30:57 ORDER FAIL XAI-USDT SHORT cooling
2026-08-29T13:30:57 ORDER FAIL GMT-USDT SHORT cooling
2026-08-29T13:30:57 ORDER FAIL TRB-USDT SHORT cooling
2026-08-29T13:30:57 ORDER FAIL SOPH-USDT SHORT cooling
2026-08-29T13:30:57 ORDER FAIL RAY-USDT SHORT cooling
2026-08-29T13:30:57 ORDER FAIL THE-USDT SHORT cooling
2026-08-29T13:30:57 ORDER FAIL DYM-USDT SHORT cooling
2026-08-29T13:30:57 ORDER FAIL VANA-USDT SHORT cooling
2026-08-29T13:30:57 ORDER FAIL ALCH-USDT SHORT cooling
2026-08-29T13:30:57 ORDER FAIL SUI-USDT SHORT cooling
2026-08-29T13:30:57 ORDER FAIL POWER-USDT SHORT cooling
2026-08-29T13:30:57 ORDER FAIL KSM-USDT SHORT cooling
2026-08-29T13:30:57 ORDER FAIL OPENLEDGER-USDT SHORT cooling
2026-08-29T13:30:57 ORDER FAIL CYBER-USDT SHORT cooling
2026-08-29T13:30:57 ORDER FAIL TUT-USDT SHORT cooling
2026-08-29T13:30:57 ORDER FAIL LTC-USDT SHORT cooling
2026-08-29T13:30:57 ORDER FAIL FLOW-USDT SHORT cooling
2026-08-29T13:30:57 ORDER FAIL OP-USDT SHORT cooling
2026-08-29T13:30:57 ORDER FAIL SNX-USDT SHORT cooling
2026-08-29T13:30:57 ORDER FAIL SAPIEN-USDT SHORT cooling
2026-08-29T13:30:57 ORDER FAIL STG-USDT SHORT cooling
2026-08-29T13:30:57 ORDER FAIL B2-USDT SHORT cooling
2026-08-29T13:30:57 ORDER FAIL CLO-USDT SHORT cooling
2026-08-29T13:30:57 ORDER FAIL AVAX-USDT SHORT cooling
2026-08-29T13:30:57 ORDER FAIL PIEVERSE-USDT SHORT cooling
2026-08-29T13:30:57 ORDER FAIL BREV-USDT SHORT cooling
2026-08-29T13:30:57 ORDER FAIL TLM-USDT SHORT cooling
2026-08-29T13:30:57 ORDER FAIL SKR-USDT SHORT cooling
2026-08-29T13:30:57 ORDER FAIL WLFI-USDT SHORT cooling
2026-08-29T13:30:57 ORDER FAIL AMP-USDT SHORT cooling
2026-08-29T13:30:57 ORDER FAIL SWARMS-USDT SHORT cooling
2026-08-29T13:30:57 ORDER FAIL TOSHI-USDT SHORT cooling
2026-08-29T13:30:57 ORDER FAIL SAFE-USDT SHORT cooling
2026-08-29T13:30:57 ORDER FAIL AIA-USDT SHORT cooling
2026-08-29T13:30:57 ORDER FAIL NIULAI-USDT SHORT cooling
2026-08-29T13:30:57 ORDER FAIL CTK-USDT SHORT cooling
2026-08-29T13:30:57 ORDER FAIL DOGS-USDT SHORT cooling
2026-08-29T13:30:57 ORDER FAIL TREE-USDT SHORT cooling
2026-08-29T13:30:57 ORDER FAIL TOWNS-USDT SHORT cooling
2026-08-29T13:30:57 ORDER FAIL ROSE-USDT SHORT cooling
2026-08-29T13:30:57 ORDER FAIL MEW-USDT SHORT cooling
2026-08-29T13:30:57 ORDER FAIL BIGTIME-USDT SHORT cooling
2026-08-29T13:30:57 ORDER FAIL ZKC-USDT SHORT cooling
2026-08-29T13:30:57 ORDER FAIL LYN-USDT SHORT cooling
2026-08-29T13:30:57 ORDER FAIL LQTY-USDT SHORT cooling
2026-08-29T13:30:57 ORDER FAIL FLOKI-USDT SHORT cooling
2026-08-29T13:30:57 ORDER FAIL WIF-USDT SHORT cooling
2026-08-29T13:30:57 ORDER FAIL MTL-USDT SHORT cooling
2026-08-29T13:30:57 ORDER FAIL RON-USDT SHORT cooling
2026-08-29T13:30:57 ORDER FAIL FRAX-USDT SHORT cooling
2026-08-29T13:30:57 ORDER FAIL CFX-USDT SHORT cooling
2026-08-29T13:30:57 ORDER FAIL FIGHTID-USDT SHORT cooling
2026-08-29T13:30:57 ORDER FAIL HYPE-USDT SHORT cooling
2026-08-29T13:30:57 ORDER FAIL ETC-USDT SHORT cooling
2026-08-29T13:30:57 ORDER FAIL TNSR-USDT SHORT cooling
2026-08-29T13:30:57 ORDER FAIL BISCOTTI-USDT SHORT cooling
2026-08-29T13:30:57 ORDER FAIL XRP-USDT SHORT cooling
2026-08-29T13:30:57 ORDER FAIL LINK-USDT SHORT cooling
2026-08-29T13:30:57 ORDER FAIL SFP-USDT SHORT cooling
2026-08-29T13:30:57 ORDER FAIL POL-USDT SHORT cooling
2026-08-29T13:30:57 ORDER FAIL PROVE-USDT SHORT cooling
2026-08-29T13:30:57 ORDER FAIL IMX-USDT SHORT cooling
2026-08-29T13:30:57 ORDER FAIL ORCA-USDT SHORT cooling
2026-08-29T13:30:57 ORDER FAIL Q-USDT SHORT cooling
2026-08-29T13:30:57 ORDER FAIL NMR-USDT SHORT cooling
2026-08-29T13:30:57 ORDER FAIL STO-USDT SHORT cooling
2026-08-29T13:30:57 ORDER FAIL ID-USDT SHORT cooling
2026-08-29T13:30:57 ORDER FAIL ADA-USDT SHORT cooling
2026-08-29T13:30:57 ORDER FAIL COLLECT-USDT SHORT cooling
2026-08-29T13:30:57 ORDER FAIL FIL-USDT SHORT cooling
2026-08-29T13:30:57 ORDER FAIL AEONBSC-USDT SHORT cooling
2026-08-29T13:30:57 ORDER FAIL XNY-USDT SHORT cooling
2026-08-29T13:30:57 ORDER FAIL BAS-USDT SHORT cooling
2026-08-29T13:30:57 ORDER FAIL RVN-USDT SHORT cooling
2026-08-29T13:30:57 ORDER FAIL AZTEC-USDT SHORT cooling
2026-08-29T13:30:57 ORDER FAIL RLC-USDT SHORT cooling
2026-08-29T13:30:57 ORDER FAIL BASECAT-USDT SHORT cooling
2026-08-29T13:30:57 ORDER FAIL PUMPBTC-USDT SHORT cooling
2026-08-29T13:30:57 ORDER FAIL CHIP-USDT SHORT cooling
2026-08-29T13:30:57 ORDER FAIL M-USDT SHORT cooling
2026-08-29T13:30:57 ORDER FAIL TURBO-USDT SHORT cooling
2026-08-29T13:30:57 ORDER FAIL ALT-USDT SHORT cooling
2026-08-29T13:30:57 ORDER FAIL CROSS-USDT SHORT cooling
2026-08-29T13:30:57 ORDER FAIL MNT-USDT SHORT cooling
2026-08-29T13:30:57 ORDER FAIL ALGO-USDT SHORT cooling
2026-08-29T13:30:57 ORDER FAIL 1000BONK-USDT SHORT cooling
2026-08-29T13:30:57 ORDER FAIL LONGXIA-USDT SHORT cooling
2026-08-29T13:30:57 ORDER FAIL KITE-USDT SHORT cooling
2026-08-29T13:30:57 ORDER FAIL KNC-USDT SHORT cooling
2026-08-29T13:30:57 ORDER FAIL KOMA-USDT SHORT cooling
2026-08-29T13:30:57 ORDER FAIL LISTA-USDT SHORT cooling
2026-08-29T13:30:57 ORDER FAIL NES-USDT SHORT cooling
2026-08-29T13:30:57 ORDER FAIL YGG-USDT SHORT cooling
2026-08-29T13:30:57 ORDER FAIL TA-USDT SHORT cooling
2026-08-29T13:30:57 ORDER FAIL ZRO-USDT SHORT cooling
2026-08-29T13:30:57 ORDER FAIL SQD-USDT SHORT cooling
2026-08-29T13:30:57 ORDER FAIL RPL-USDT SHORT cooling
2026-08-29T13:30:57 ORDER FAIL PISTACIO-USDT SHORT cooling
2026-08-29T13:30:57 ORDER FAIL PIPEDOG-USDT SHORT cooling
2026-08-29T13:30:57 ORDER FAIL ORDI-USDT SHORT cooling
2026-08-29T13:30:57 ORDER FAIL ORDER-USDT SHORT cooling
2026-08-29T13:30:57 ORDER FAIL JUP-USDT SHORT cooling
2026-08-29T13:30:57 ORDER FAIL GENIUS-USDT SHORT cooling
2026-08-29T13:30:57 ORDER FAIL DEEP-USDT SHORT cooling
2026-08-29T13:30:57 ORDER FAIL CGPT-USDT SHORT cooling
2026-08-29T13:30:57 ORDER FAIL BTW-USDT SHORT cooling
2026-08-29T13:30:57 ORDER FAIL BERA-USDT SHORT cooling
2026-08-29T13:30:57 ORDER FAIL ATOM-USDT SHORT cooling
2026-08-29T13:30:57 ORDER FAIL ACH-USDT SHORT cooling
2026-08-29T13:30:57 ORDER FAIL ARPA-USDT SHORT cooling
2026-08-29T13:30:57 ORDER FAIL FIDA-USDT SHORT cooling
2026-08-29T13:30:57 ORDER FAIL BOME-USDT SHORT cooling
2026-08-29T13:30:57 ORDER FAIL GENSYN-USDT SHORT cooling
2026-08-29T13:30:57 ORDER FAIL PORTAL-USDT SHORT cooling
2026-08-29T13:30:57 ORDER FAIL RAVE-USDT SHORT cooling
2026-08-29T13:30:57 ORDER FAIL SPX-USDT SHORT cooling
2026-08-29T13:30:57 ORDER FAIL TRIA-USDT SHORT cooling
2026-08-29T13:30:57 ORDER FAIL DIA-USDT SHORT cooling
2026-08-29T13:30:57 ORDER FAIL APR-USDT SHORT cooling
2026-08-29T13:30:57 ORDER FAIL PRL-USDT SHORT cooling
2026-08-29T13:30:57 ORDER FAIL BSV-USDT SHORT cooling
2026-08-29T13:30:57 ORDER FAIL XAUT-USDT SHORT cooling
2026-08-29T13:30:57 ORDER FAIL UMA-USDT SHORT cooling
2026-08-29T13:30:57 ORDER FAIL IDOL-USDT SHORT cooling
2026-08-29T13:30:57 ORDER FAIL SKY-USDT SHORT cooling
2026-08-29T13:30:57 ORDER FAIL SKYAI-USDT SHORT cooling
2026-08-29T13:30:57 ORDER FAIL ARK-USDT SHORT cooling
2026-08-29T13:30:57 ORDER FAIL PENGU-USDT SHORT cooling
2026-08-29T13:30:57 ORDER FAIL FOGO-USDT SHORT cooling
2026-08-29T13:30:57 ORDER FAIL FLUID-USDT SHORT cooling
2026-08-29T13:30:57 ORDER FAIL CLANKER-USDT SHORT cooling
2026-08-29T13:30:57 ORDER FAIL APT-USDT SHORT cooling
2026-08-29T13:30:57 ORDER FAIL OPN-USDT SHORT cooling
2026-08-29T13:30:57 ORDER FAIL HBAR-USDT SHORT cooling
2026-08-29T13:30:57 ORDER FAIL G-USDT SHORT cooling
2026-08-29T13:30:57 ORDER FAIL RE-USDT SHORT cooling
2026-08-29T13:30:57 ORDER FAIL GWEI-USDT SHORT cooling
2026-08-29T13:30:57 ORDER FAIL MIRANETWORK-USDT SHORT cooling
2026-08-29T13:30:57 ORDER FAIL HEMI-USDT SHORT cooling
2026-08-29T13:30:57 ORDER FAIL UNI-USDT SHORT cooling
2026-08-29T13:30:57 ORDER FAIL PARTI-USDT SHORT cooling
2026-08-29T13:30:57 ORDER FAIL FOLKS-USDT SHORT cooling
2026-08-29T13:30:57 ORDER FAIL ZAMA-USDT SHORT cooling
2026-08-29T13:30:57 ORDER FAIL ACT-USDT SHORT cooling
2026-08-29T13:30:57 ORDER FAIL BEAT-USDT SHORT cooling
2026-08-29T13:30:57 ORDER FAIL TAC-USDT LONG cooling
2026-08-29T13:30:57 ORDER FAIL PROM-USDT LONG cooling
2026-08-29T13:30:57 ORDER FAIL CATE-USDT LONG cooling
2026-08-29T13:30:57 ORDER FAIL CASHCAT-USDT LONG cooling
2026-08-29T13:30:57 ORDER FAIL SIREN-USDT LONG cooling
2026-08-29T13:30:57 ORDER FAIL BROCCOLI-USDT LONG cooling
2026-08-29T13:30:57 ORDER FAIL OPG-USDT LONG cooling
2026-08-29T13:30:57 ORDER FAIL STBL-USDT LONG cooling
2026-08-29T13:30:57 ORDER FAIL USELESS-USDT LONG cooling
2026-08-29T13:30:57 ORDER FAIL CUPSEY-USDT LONG cooling
2026-08-29T13:30:57 ORDER FAIL XAN-USDT LONG cooling
2026-08-29T13:30:57 ORDER FAIL COOKIE-USDT LONG cooling
2026-08-29T13:30:57 ORDER FAIL FLUX-USDT LONG cooling
2026-08-29T13:30:57 ORDER FAIL ZKP-USDT LONG cooling
2026-08-29T13:30:57 ORDER FAIL CHILLGUY-USDT LONG cooling
2026-08-29T13:30:57 ORDER FAIL GIGGLE-USDT LONG cooling
2026-08-29T13:30:57 ORDER FAIL SPK-USDT LONG cooling
2026-08-29T13:30:57 ORDER FAIL BITLIGHT-USDT LONG cooling
2026-08-29T13:30:57 ORDER FAIL TWT-USDT LONG cooling
2026-08-29T13:30:57 ORDER FAIL BANANAS31-USDT LONG cooling
2026-08-29T13:30:57 ORDER FAIL ZEC-USDT LONG cooling
2026-08-29T13:30:57 ORDER FAIL MINA-USDT LONG cooling
2026-08-29T13:30:57 ORDER FAIL GMX-USDT LONG cooling
2026-08-29T13:30:57 ORDER FAIL EDU-USDT LONG cooling
2026-08-29T13:30:57 ORDER FAIL EIGEN-USDT LONG cooling
2026-08-29T13:30:57 ORDER FAIL MMT-USDT LONG cooling
2026-08-29T13:30:57 ORDER FAIL HOME-USDT LONG cooling
2026-08-29T13:30:57 ORDER FAIL BIO-USDT LONG cooling
2026-08-29T13:30:57 ORDER FAIL ROBO-USDT LONG cooling
2026-08-29T13:30:57 ORDER FAIL ALLO-USDT LONG cooling
2026-08-29T13:30:57 ORDER FAIL BANK-USDT LONG cooling
2026-08-29T13:30:57 ORDER FAIL PNUT-USDT LONG cooling
2026-08-29T13:30:57 ORDER FAIL XPL-USDT LONG cooling
2026-08-29T13:30:57 ORDER FAIL ONG-USDT LONG cooling
2026-08-29T13:30:57 ORDER FAIL FARTCOIN-USDT LONG cooling
2026-08-29T13:30:57 ORDER FAIL CAP-USDT LONG cooling
2026-08-29T13:30:57 ORDER FAIL CRO-USDT LONG cooling
2026-08-29T13:30:57 ORDER FAIL SPACECOIN-USDT LONG cooling
2026-08-29T13:30:57 ORDER FAIL PI-USDT LONG cooling
2026-08-29T13:30:57 ORDER FAIL KAITO-USDT LONG cooling
2026-08-29T13:30:57 ORDER FAIL MASK-USDT LONG cooling
2026-08-29T13:30:57 ORDER FAIL NIL-USDT LONG cooling
2026-08-29T13:30:57 ORDER FAIL ON-USDT LONG cooling
2026-08-29T13:30:57 ORDER FAIL IRYS-USDT LONG cooling
2026-08-29T13:30:57 ORDER FAIL DOLO-USDT LONG cooling
2026-08-29T13:30:57 ORDER FAIL ATH-USDT LONG cooling
2026-08-29T13:30:57 ORDER FAIL CORE-USDT LONG cooling
2026-08-29T13:30:57 ORDER FAIL VIRTUAL-USDT LONG cooling
2026-08-29T13:30:57 ORDER FAIL CFG-USDT LONG cooling
2026-08-29T13:30:57 ORDER FAIL SLX-USDT LONG cooling
2026-08-29T13:30:57 ORDER FAIL CARV-USDT LONG cooling
2026-08-29T13:30:57 ORDER FAIL RUNE-USDT LONG cooling
2026-08-29T13:30:57 ORDER FAIL WOTAMALAILE-USDT LONG cooling
2026-08-29T13:30:57 ORDER FAIL WAVES-USDT LONG cooling
2026-08-29T13:30:57 ORDER FAIL BSB-USDT LONG cooling
2026-08-29T13:30:57 ORDER FAIL VELVET-USDT LONG cooling
2026-08-29T13:30:57 ORDER FAIL ONE-USDT LONG cooling
2026-08-29T13:30:57 ORDER FAIL AIOT-USDT LONG cooling
2026-08-29T13:30:57 ORDER FAIL AIXBT-USDT LONG cooling
2026-08-29T13:30:57 ORDER FAIL ARIA-USDT LONG cooling
2026-08-29T13:30:57 ORDER FAIL KGEN-USDT LONG cooling
2026-08-29T13:30:57 ORDER FAIL CYS-USDT LONG cooling
2026-08-29T13:30:57 ORDER FAIL ENS-USDT LONG cooling
2026-08-29T13:30:57 ORDER FAIL VVV-USDT LONG cooling
2026-08-29T13:30:57 ORDER FAIL CC-USDT LONG cooling
2026-08-29T13:30:57 ORDER FAIL ZK-USDT LONG cooling
2026-08-29T13:30:57 ORDER FAIL TURTLE-USDT LONG cooling
2026-08-29T13:30:57 ORDER FAIL AXS-USDT LONG cooling
2026-08-29T13:30:57 ORDER FAIL JIMOTHY-USDT LONG cooling
2026-08-29T13:30:57 ORDER FAIL RATS-USDT LONG cooling
2026-08-29T13:30:57 ORDER FAIL ETHFI-USDT LONG cooling
2026-08-29T13:30:57 ORDER FAIL AGI-USDT LONG cooling
2026-08-29T13:30:57 ORDER FAIL TRUTH-USDT LONG cooling
2026-08-29T13:30:57 ORDER FAIL PUMP-USDT LONG cooling
2026-08-29T13:30:57 ORDER FAIL LA-USDT LONG cooling
2026-08-29T13:30:57 ORDER FAIL POPCAT-USDT LONG cooling
2026-08-29T13:30:57 ORDER FAIL PIPPIN-USDT LONG cooling
2026-08-29T13:30:57 ORDER FAIL OKB-USDT LONG cooling
2026-08-29T13:30:57 ORDER FAIL RIVER-USDT LONG cooling
2026-08-29T13:30:57 ORDER FAIL ARC-USDT LONG cooling
2026-08-29T13:30:57 ORDER FAIL ESPORTS-USDT LONG cooling
2026-08-29T13:30:57 ORDER FAIL GRASS-USDT LONG cooling
2026-08-29T13:30:57 ORDER FAIL GUA-USDT LONG cooling
2026-08-29T13:30:57 ORDER FAIL FET-USDT LONG cooling
2026-08-29T13:30:57 ORDER FAIL TAKE-USDT LONG cooling
2026-08-29T13:30:57 ORDER FAIL HANA-USDT LONG cooling
2026-08-29T13:30:57 ORDER FAIL EUL-USDT LONG cooling
2026-08-29T13:30:57 ORDER FAIL INX-USDT LONG cooling
2026-08-29T13:30:57 ORDER FAIL LDO-USDT LONG cooling
2026-08-29T13:30:57 ORDER FAIL COTI-USDT LONG cooling
2026-08-29T13:30:57 ORDER FAIL OG-USDT LONG cooling
2026-08-29T13:30:57 ORDER FAIL GEOD-USDT LONG cooling
2026-08-29T13:30:57 ORDER FAIL LUNA-USDT LONG cooling
2026-08-29T13:30:57 ORDER FAIL ONT-USDT LONG cooling
2026-08-29T13:30:57 ORDER FAIL XLM-USDT LONG cooling
2026-08-29T13:30:57 ORDER FAIL CATI-USDT LONG cooling
2026-08-29T13:30:57 ORDER FAIL BNLIFE-USDT LONG cooling
2026-08-29T13:30:57 ORDER FAIL O-USDT LONG cooling
2026-08-29T13:30:57 ORDER FAIL AERO-USDT LONG cooling
2026-08-29T13:30:57 ORDER FAIL AGT-USDT LONG cooling
2026-08-29T13:30:57 ORDER FAIL 1INCH-USDT LONG cooling
2026-08-29T13:30:57 ORDER FAIL AKE-USDT LONG cooling
2026-08-29T13:30:57 ORDER FAIL PROMPT-USDT LONG cooling
2026-08-29T13:30:57 ORDER FAIL MANTA-USDT LONG cooling
2026-08-29T13:30:57 ORDER FAIL GUN-USDT LONG cooling
2026-08-29T13:30:57 ORDER FAIL 4-USDT LONG cooling
2026-08-29T13:30:57 ORDER FAIL CZ-USDT LONG cooling
2026-08-29T13:30:57 ORDER FAIL LIGHTER-USDT LONG cooling
2026-08-29T13:30:57 ORDER FAIL HUMA-USDT LONG cooling
2026-08-29T13:30:57 ORDER FAIL AGLD-USDT LONG cooling
2026-08-29T13:30:57 ORDER FAIL 10000NEX-USDT LONG cooling
2026-08-29T13:30:57 ORDER FAIL PLUME-USDT LONG cooling
2026-08-29T13:30:57 ORDER FAIL ICNT-USDT LONG cooling
2026-08-29T13:30:57 ORDER FAIL AIO-USDT LONG cooling
2026-08-29T13:30:57 ORDER FAIL KAVA-USDT LONG cooling
2026-08-29T13:30:57 ORDER FAIL EVAA-USDT LONG cooling
2026-08-29T13:30:57 ORDER FAIL KAIA-USDT LONG cooling
2026-08-29T13:30:57 ORDER FAIL RENDER-USDT LONG cooling
2026-08-29T13:30:57 ORDER FAIL DGAI-USDT LONG cooling
2026-08-29T13:30:57 ORDER FAIL ZEREBRO-USDT LONG cooling
2026-08-29T13:30:57 ORDER FAIL SXT-USDT LONG cooling
2026-08-29T13:30:57 ORDER FAIL STAR-USDT LONG cooling
2026-08-29T13:30:57 ORDER FAIL SENT-USDT LONG cooling
2026-08-29T13:30:57 ORDER FAIL RECALL-USDT LONG cooling
2026-08-29T13:30:57 ORDER FAIL PURR-USDT LONG cooling
2026-08-29T13:30:57 ORDER FAIL NXPC-USDT LONG cooling
2026-08-29T13:30:57 ORDER FAIL MONAD-USDT LONG cooling
2026-08-29T13:30:57 ORDER FAIL KERNEL-USDT LONG cooling
2026-08-29T13:30:57 ORDER FAIL IO-USDT LONG cooling
2026-08-29T13:30:57 ORDER FAIL HYPERLANE-USDT LONG cooling
2026-08-29T13:30:57 ORDER FAIL GRVT-USDT LONG cooling
2026-08-29T13:30:57 ORDER FAIL FOLD-USDT LONG cooling
2026-08-29T13:30:57 ORDER FAIL FLOCK-USDT LONG cooling
2026-08-29T13:30:57 ORDER FAIL FF-USDT LONG cooling
2026-08-29T13:30:57 ORDER FAIL B-USDT LONG cooling
2026-08-29T13:30:57 ORDER FAIL AT-USDT LONG cooling
2026-08-29T13:30:57 ORDER FAIL 1000SHIB-USDT LONG cooling
2026-08-29T13:30:57 ORDER FAIL ARB-USDT LONG cooling
2026-08-29T13:30:57 ORDER FAIL MUBARAK-USDT LONG cooling
2026-08-29T13:30:57 ORDER FAIL GRAMTON-USDT LONG cooling
2026-08-29T13:30:57 ORDER FAIL AWE-USDT LONG cooling
2026-08-29T13:30:57 ORDER FAIL TST-USDT LONG cooling
2026-08-29T13:30:57 ORDER FAIL MERL-USDT LONG cooling
2026-08-29T13:30:57 ORDER FAIL 1000CHEEMS-USDT LONG cooling
2026-08-29T13:30:57 ORDER FAIL F-USDT LONG cooling
2026-08-29T13:30:57 ORDER FAIL BLESS-USDT LONG cooling
2026-08-29T13:30:57 ORDER FAIL JTO-USDT LONG cooling
2026-08-29T13:30:57 ORDER FAIL VELODROME-USDT LONG cooling
2026-08-29T13:30:57 ORDER FAIL NIGHT-USDT LONG cooling
2026-08-29T13:30:57 ORDER FAIL SPORTFUN-USDT LONG cooling
2026-08-29T13:30:57 ORDER FAIL US-USDT SHORT cooling
2026-08-29T13:30:57 ORDER FAIL KII-USDT SHORT cooling
2026-08-29T13:30:57 ORDER FAIL MAGMA-USDT SHORT cooling
2026-08-29T13:30:57 ORDER FAIL AKT-USDT SHORT cooling
2026-08-29T13:30:57 ORDER FAIL NAORIS-USDT SHORT cooling
2026-08-29T13:30:57 ORDER FAIL SOMI-USDT SHORT cooling
2026-08-29T13:30:57 ORDER FAIL SOON-USDT SHORT cooling
2026-08-29T13:30:57 ORDER FAIL SUPER-USDT SHORT cooling
2026-08-29T13:30:57 ORDER FAIL SIGN-USDT SHORT cooling
2026-08-29T13:30:57 ORDER FAIL RIF-USDT SHORT cooling
2026-08-29T13:30:57 ORDER FAIL OFC-USDT SHORT cooling
2026-08-29T13:30:57 ORDER FAIL MOODENG-USDT SHORT cooling
2026-08-29T13:30:57 ORDER FAIL SUN-USDT SHORT cooling
2026-08-29T13:30:57 ORDER FAIL GLM-USDT SHORT cooling
2026-08-29T13:30:57 ORDER FAIL ESP-USDT SHORT cooling
2026-08-29T13:30:57 ORDER FAIL ZRX-USDT SHORT cooling
2026-08-29T13:30:57 ORDER FAIL QTUM-USDT SHORT cooling
2026-08-29T13:30:57 ORDER FAIL PENDLE-USDT SHORT cooling
2026-08-29T13:30:57 ORDER FAIL TAIKO-USDT SHORT cooling
2026-08-29T13:30:57 ORDER FAIL BB-USDT SHORT cooling
2026-08-29T13:30:57 ORDER FAIL ANSEM-USDT SHORT cooling
2026-08-29T13:30:57 ORDER FAIL BTC-USDT SHORT cooling
2026-08-29T13:30:57 ORDER FAIL LSK-USDT SHORT cooling
2026-08-29T13:30:57 ORDER FAIL POLYX-USDT SHORT cooling
2026-08-29T13:30:57 ORDER FAIL PHA-USDT SHORT cooling
2026-08-29T13:30:57 ORDER FAIL SAHARA-USDT SHORT cooling
2026-08-29T13:30:57 ORDER FAIL FONE-USDT SHORT cooling
2026-08-29T13:30:57 ORDER FAIL WAL-USDT SHORT cooling
2026-08-29T13:30:57 ORDER FAIL ACU-USDT SHORT cooling
2026-08-29T13:30:57 ORDER FAIL A-USDT SHORT cooling
2026-08-29T13:30:57 ORDER FAIL IN-USDT SHORT cooling
2026-08-29T13:30:57 ORDER FAIL VET-USDT SHORT cooling
2026-08-29T13:30:57 ORDER FAIL MAV-USDT SHORT cooling
2026-08-29T13:30:57 ORDER FAIL ANKR-USDT SHORT cooling
2026-08-29T13:30:57 ORDER FAIL SYN-USDT SHORT cooling
2026-08-29T13:30:57 ORDER FAIL RARE-USDT SHORT cooling
2026-08-29T13:30:57 ORDER FAIL SUSHI-USDT SHORT cooling
2026-08-29T13:30:57 ORDER FAIL AXL-USDT SHORT cooling
2026-08-29T13:30:57 ORDER FAIL RSR-USDT SHORT cooling
2026-08-29T13:30:57 ORDER FAIL BIRB-USDT SHORT cooling
2026-08-29T13:30:57 ORDER FAIL ME-USDT SHORT cooling
2026-08-29T13:30:57 ORDER FAIL ALIGN-USDT SHORT cooling
2026-08-29T13:30:57 ORDER FAIL PEOPLE-USDT SHORT cooling
2026-08-29T13:30:57 ORDER FAIL IOTX-USDT SHORT cooling
2026-08-29T13:30:57 ORDER FAIL XMR-USDT SHORT cooling
2026-08-29T13:30:57 ORDER FAIL AIN-USDT SHORT cooling
2026-08-29T13:30:57 ORDER FAIL METEORA-USDT SHORT cooling
2026-08-29T13:30:57 ORDER FAIL MAGIC-USDT SHORT cooling
2026-08-29T13:30:57 ORDER FAIL S-USDT SHORT cooling
2026-08-29T13:30:57 ORDER FAIL APEX-USDT SHORT cooling
2026-08-29T13:30:57 ORDER FAIL ALPINE-USDT SHORT cooling
2026-08-29T13:30:57 ORDER FAIL HEI-USDT SHORT cooling
2026-08-29T13:30:57 ORDER FAIL CKB-USDT SHORT cooling
2026-08-29T13:30:57 ORDER FAIL AR-USDT SHORT cooling
2026-08-29T13:30:57 ORDER FAIL STEEM-USDT SHORT cooling
2026-08-29T13:30:57 ORDER FAIL ASTR-USDT SHORT cooling
2026-08-29T13:30:57 ORDER FAIL GRT-USDT SHORT cooling
2026-08-29T13:30:57 ORDER FAIL WCT-USDT SHORT cooling
2026-08-29T13:30:57 ORDER FAIL W-USDT SHORT cooling
2026-08-29T13:30:57 ORDER FAIL SLP-USDT SHORT cooling
2026-08-29T13:30:57 ORDER FAIL API3-USDT SHORT cooling
2026-08-29T13:30:57 ORDER FAIL ZEST-USDT SHORT cooling
2026-08-29T13:30:57 ORDER FAIL DATANETWORK-USDT SHORT cooling
2026-08-29T13:30:57 ORDER FAIL LAYER-USDT SHORT cooling
2026-08-29T13:30:57 ORDER FAIL H-USDT SHORT cooling
2026-08-29T13:30:57 ORDER FAIL IOTA-USDT SHORT cooling
2026-08-29T13:30:57 ORDER FAIL TERMMAX-USDT SHORT cooling
2026-08-29T13:30:57 ORDER FAIL DOT-USDT SHORT cooling
2026-08-29T13:30:57 ORDER FAIL SOLV-USDT SHORT cooling
2026-08-29T13:30:57 ORDER FAIL MELANIA-USDT SHORT cooling
2026-08-29T13:30:57 ORDER FAIL BAT-USDT SHORT cooling
2026-08-29T13:30:57 ORDER FAIL INIT-USDT SHORT cooling
2026-08-29T13:30:57 ORDER FAIL LUMIA-USDT SHORT cooling
2026-08-29T13:30:57 ORDER FAIL CHR-USDT SHORT cooling
2026-08-29T13:30:57 ORDER FAIL EGLD-USDT SHORT cooling
2026-08-29T13:30:57 ORDER FAIL C-USDT SHORT cooling
2026-08-29T13:30:57 ORDER FAIL ASTER-USDT SHORT cooling
2026-08-29T13:30:57 ORDER FAIL STX-USDT SHORT cooling
2026-08-29T13:30:57 ORDER FAIL ENJ-USDT SHORT cooling
2026-08-29T13:30:57 ORDER FAIL SKL-USDT SHORT cooling
2026-08-29T13:30:57 ORDER FAIL BCH-USDT SHORT cooling
2026-08-29T13:30:57 ORDER FAIL SYRUP-USDT SHORT cooling
2026-08-29T13:30:57 ORDER FAIL QNT-USDT SHORT cooling
2026-08-29T13:30:57 ORDER FAIL WOO-USDT SHORT cooling
2026-08-29T13:30:57 ORDER FAIL WET-USDT SHORT cooling
2026-08-29T13:30:57 ORDER FAIL IOST-USDT SHORT cooling
2026-08-29T13:30:57 ORDER FAIL POWR-USDT SHORT cooling
2026-08-29T13:30:57 ORDER FAIL MANA-USDT SHORT cooling
2026-08-29T13:30:57 ORDER FAIL MOVR-USDT SHORT cooling
2026-08-29T13:30:57 ORDER FAIL PIXEL-USDT SHORT cooling
2026-08-29T13:30:57 ORDER FAIL MANCER-USDT SHORT cooling
2026-08-29T13:30:57 ORDER FAIL EDGEX-USDT SHORT cooling
2026-08-29T13:30:57 ORDER FAIL ENA-USDT SHORT cooling
2026-08-29T13:30:57 ORDER FAIL AVAAI-USDT SHORT cooling
2026-08-29T13:30:57 ORDER FAIL YFI-USDT SHORT cooling
2026-08-29T13:30:57 ORDER FAIL KAT-USDT SHORT cooling
2026-08-29T13:30:57 ORDER FAIL ARX-USDT SHORT cooling
2026-08-29T13:30:57 ORDER FAIL REZ-USDT SHORT cooling
2026-08-29T13:30:57 ORDER FAIL AVA-USDT SHORT cooling
2026-08-29T13:30:57 ORDER FAIL BLUR-USDT SHORT cooling
2026-08-29T13:30:57 ORDER FAIL SAND-USDT SHORT cooling
2026-08-29T13:30:57 ORDER FAIL COMP-USDT SHORT cooling
2026-08-29T13:30:57 ORDER FAIL INJ-USDT SHORT cooling
2026-08-29T13:30:57 ORDER FAIL AAVE-USDT SHORT cooling
2026-08-29T13:30:57 ORDER FAIL ZEN-USDT SHORT cooling
2026-08-29T13:30:57 ORDER FAIL EPIC-USDT SHORT cooling
2026-08-29T13:30:57 ORDER FAIL METIS-USDT SHORT cooling
2026-08-29T13:30:57 ORDER FAIL NEO-USDT SHORT cooling
2026-08-29T13:30:57 ORDER FAIL CETUS-USDT SHORT cooling
2026-08-29T13:30:57 ORDER FAIL BILL-USDT SHORT cooling
2026-08-29T13:30:57 ORDER FAIL KAS-USDT SHORT cooling
2026-08-29T13:30:57 ORDER FAIL XAI-USDT SHORT cooling
2026-08-29T13:30:57 ORDER FAIL GMT-USDT SHORT cooling
2026-08-29T13:30:57 ORDER FAIL TRB-USDT SHORT cooling
2026-08-29T13:30:57 ORDER FAIL SOPH-USDT SHORT cooling
2026-08-29T13:30:57 ORDER FAIL RAY-USDT SHORT cooling
2026-08-29T13:30:57 ORDER FAIL THE-USDT SHORT cooling
2026-08-29T13:30:57 ORDER FAIL DYM-USDT SHORT cooling
2026-08-29T13:30:57 ORDER FAIL VANA-USDT SHORT cooling
2026-08-29T13:30:57 ORDER FAIL ALCH-USDT SHORT cooling
2026-08-29T13:30:57 ORDER FAIL SUI-USDT SHORT cooling
2026-08-29T13:30:57 ORDER FAIL POWER-USDT SHORT cooling
2026-08-29T13:30:57 ORDER FAIL KSM-USDT SHORT cooling
2026-08-29T13:30:57 ORDER FAIL OPENLEDGER-USDT SHORT cooling
2026-08-29T13:30:57 ORDER FAIL CYBER-USDT SHORT cooling
2026-08-29T13:30:57 ORDER FAIL TUT-USDT SHORT cooling
2026-08-29T13:30:57 ORDER FAIL LTC-USDT SHORT cooling
2026-08-29T13:30:57 ORDER FAIL FLOW-USDT SHORT cooling
2026-08-29T13:30:57 ORDER FAIL OP-USDT SHORT cooling
2026-08-29T13:30:57 ORDER FAIL SNX-USDT SHORT cooling
2026-08-29T13:30:57 ORDER FAIL SAPIEN-USDT SHORT cooling
2026-08-29T13:30:57 ORDER FAIL STG-USDT SHORT cooling
2026-08-29T13:30:57 ORDER FAIL B2-USDT SHORT cooling
2026-08-29T13:30:57 ORDER FAIL CLO-USDT SHORT cooling
2026-08-29T13:30:57 ORDER FAIL AVAX-USDT SHORT cooling
2026-08-29T13:30:57 ORDER FAIL PIEVERSE-USDT SHORT cooling
2026-08-29T13:30:57 ORDER FAIL BREV-USDT SHORT cooling
2026-08-29T13:30:57 ORDER FAIL TLM-USDT SHORT cooling
2026-08-29T13:30:57 ORDER FAIL SKR-USDT SHORT cooling
2026-08-29T13:30:57 ORDER FAIL WLFI-USDT SHORT cooling
2026-08-29T13:30:57 ORDER FAIL AMP-USDT SHORT cooling
2026-08-29T13:30:57 ORDER FAIL SWARMS-USDT SHORT cooling
2026-08-29T13:30:57 ORDER FAIL TOSHI-USDT SHORT cooling
2026-08-29T13:30:57 ORDER FAIL SAFE-USDT SHORT cooling
2026-08-29T13:30:57 ORDER FAIL AIA-USDT SHORT cooling
2026-08-29T13:30:57 ORDER FAIL NIULAI-USDT SHORT cooling
2026-08-29T13:30:57 ORDER FAIL CTK-USDT SHORT cooling
2026-08-29T13:30:57 ORDER FAIL DOGS-USDT SHORT cooling
2026-08-29T13:30:57 ORDER FAIL TREE-USDT SHORT cooling
2026-08-29T13:30:57 ORDER FAIL TOWNS-USDT SHORT cooling
2026-08-29T13:30:57 ORDER FAIL ROSE-USDT SHORT cooling
2026-08-29T13:30:57 ORDER FAIL MEW-USDT SHORT cooling
2026-08-29T13:30:57 ORDER FAIL BIGTIME-USDT SHORT cooling
2026-08-29T13:30:57 ORDER FAIL ZKC-USDT SHORT cooling
2026-08-29T13:30:57 ORDER FAIL LYN-USDT SHORT cooling
2026-08-29T13:30:57 ORDER FAIL LQTY-USDT SHORT cooling
2026-08-29T13:30:57 ORDER FAIL FLOKI-USDT SHORT cooling
2026-08-29T13:30:57 ORDER FAIL WIF-USDT SHORT cooling
2026-08-29T13:30:57 ORDER FAIL MTL-USDT SHORT cooling
2026-08-29T13:30:57 ORDER FAIL RON-USDT SHORT cooling
2026-08-29T13:30:57 ORDER FAIL FRAX-USDT SHORT cooling
2026-08-29T13:30:57 ORDER FAIL CFX-USDT SHORT cooling
2026-08-29T13:30:57 ORDER FAIL FIGHTID-USDT SHORT cooling
2026-08-29T13:30:57 ORDER FAIL HYPE-USDT SHORT cooling
2026-08-29T13:30:57 ORDER FAIL ETC-USDT SHORT cooling
2026-08-29T13:30:57 ORDER FAIL TNSR-USDT SHORT cooling
2026-08-29T13:30:57 ORDER FAIL BISCOTTI-USDT SHORT cooling
2026-08-29T13:30:57 ORDER FAIL XRP-USDT SHORT cooling
2026-08-29T13:30:57 ORDER FAIL LINK-USDT SHORT cooling
2026-08-29T13:30:57 ORDER FAIL SFP-USDT SHORT cooling
2026-08-29T13:30:57 ORDER FAIL POL-USDT SHORT cooling
2026-08-29T13:30:57 ORDER FAIL PROVE-USDT SHORT cooling
2026-08-29T13:30:57 ORDER FAIL IMX-USDT SHORT cooling
2026-08-29T13:30:57 ORDER FAIL ORCA-USDT SHORT cooling
2026-08-29T13:30:57 ORDER FAIL Q-USDT SHORT cooling
2026-08-29T13:30:57 ORDER FAIL NMR-USDT SHORT cooling
2026-08-29T13:30:57 ORDER FAIL STO-USDT SHORT cooling
2026-08-29T13:30:57 ORDER FAIL ID-USDT SHORT cooling
2026-08-29T13:30:57 ORDER FAIL ADA-USDT SHORT cooling
2026-08-29T13:30:57 ORDER FAIL COLLECT-USDT SHORT cooling
2026-08-29T13:30:57 ORDER FAIL FIL-USDT SHORT cooling
2026-08-29T13:30:57 ORDER FAIL AEONBSC-USDT SHORT cooling
2026-08-29T13:30:57 ORDER FAIL XNY-USDT SHORT cooling
2026-08-29T13:30:57 ORDER FAIL BAS-USDT SHORT cooling
2026-08-29T13:30:57 ORDER FAIL RVN-USDT SHORT cooling
2026-08-29T13:30:57 ORDER FAIL AZTEC-USDT SHORT cooling
2026-08-29T13:30:57 ORDER FAIL RLC-USDT SHORT cooling
2026-08-29T13:30:57 ORDER FAIL BASECAT-USDT SHORT cooling
2026-08-29T13:30:57 ORDER FAIL PUMPBTC-USDT SHORT cooling
2026-08-29T13:30:57 ORDER FAIL CHIP-USDT SHORT cooling
2026-08-29T13:30:57 ORDER FAIL M-USDT SHORT cooling
2026-08-29T13:30:57 ORDER FAIL TURBO-USDT SHORT cooling
2026-08-29T13:30:57 ORDER FAIL ALT-USDT SHORT cooling
2026-08-29T13:30:57 ORDER FAIL CROSS-USDT SHORT cooling
2026-08-29T13:30:57 ORDER FAIL MNT-USDT SHORT cooling
2026-08-29T13:30:57 ORDER FAIL ALGO-USDT SHORT cooling
2026-08-29T13:30:57 ORDER FAIL 1000BONK-USDT SHORT cooling
2026-08-29T13:30:57 ORDER FAIL LONGXIA-USDT SHORT cooling
2026-08-29T13:30:57 ORDER FAIL KITE-USDT SHORT cooling
2026-08-29T13:30:57 ORDER FAIL KNC-USDT SHORT cooling
2026-08-29T13:30:57 ORDER FAIL KOMA-USDT SHORT cooling
2026-08-29T13:30:57 ORDER FAIL LISTA-USDT SHORT cooling
2026-08-29T13:30:57 ORDER FAIL NES-USDT SHORT cooling
2026-08-29T13:30:57 ORDER FAIL YGG-USDT SHORT cooling
2026-08-29T13:30:57 ORDER FAIL TA-USDT SHORT cooling
2026-08-29T13:30:57 ORDER FAIL ZRO-USDT SHORT cooling
2026-08-29T13:30:57 ORDER FAIL SQD-USDT SHORT cooling
2026-08-29T13:30:57 ORDER FAIL RPL-USDT SHORT cooling
2026-08-29T13:30:57 ORDER FAIL PISTACIO-USDT SHORT cooling
2026-08-29T13:30:57 ORDER FAIL PIPEDOG-USDT SHORT cooling
2026-08-29T13:30:57 ORDER FAIL ORDI-USDT SHORT cooling
2026-08-29T13:30:57 ORDER FAIL ORDER-USDT SHORT cooling
2026-08-29T13:30:57 ORDER FAIL JUP-USDT SHORT cooling
2026-08-29T13:30:57 ORDER FAIL GENIUS-USDT SHORT cooling
2026-08-29T13:30:57 ORDER FAIL DEEP-USDT SHORT cooling
2026-08-29T13:30:57 ORDER FAIL CGPT-USDT SHORT cooling
2026-08-29T13:30:57 ORDER FAIL BTW-USDT SHORT cooling
2026-08-29T13:30:57 ORDER FAIL BERA-USDT SHORT cooling
2026-08-29T13:30:57 ORDER FAIL ATOM-USDT SHORT cooling
2026-08-29T13:30:57 ORDER FAIL ACH-USDT SHORT cooling
2026-08-29T13:30:57 ORDER FAIL ARPA-USDT SHORT cooling
2026-08-29T13:30:57 ORDER FAIL FIDA-USDT SHORT cooling
2026-08-29T13:30:57 ORDER FAIL BOME-USDT SHORT cooling
2026-08-29T13:30:57 ORDER FAIL GENSYN-USDT SHORT cooling
2026-08-29T13:30:57 ORDER FAIL PORTAL-USDT SHORT cooling
2026-08-29T13:30:57 ORDER FAIL RAVE-USDT SHORT cooling
2026-08-29T13:30:57 ORDER FAIL SPX-USDT SHORT cooling
2026-08-29T13:30:57 ORDER FAIL TRIA-USDT SHORT cooling
2026-08-29T13:30:57 ORDER FAIL DIA-USDT SHORT cooling
2026-08-29T13:30:57 ORDER FAIL APR-USDT SHORT cooling
2026-08-29T13:30:57 ORDER FAIL PRL-USDT SHORT cooling
2026-08-29T13:30:57 ORDER FAIL BSV-USDT SHORT cooling
2026-08-29T13:30:57 ORDER FAIL XAUT-USDT SHORT cooling
2026-08-29T13:30:57 ORDER FAIL UMA-USDT SHORT cooling
2026-08-29T13:30:57 ORDER FAIL IDOL-USDT SHORT cooling
2026-08-29T13:30:57 ORDER FAIL SKY-USDT SHORT cooling
2026-08-29T13:30:57 ORDER FAIL SKYAI-USDT SHORT cooling
2026-08-29T13:30:57 ORDER FAIL ARK-USDT SHORT cooling
2026-08-29T13:30:57 ORDER FAIL PENGU-USDT SHORT cooling
2026-08-29T13:30:57 ORDER FAIL FOGO-USDT SHORT cooling
2026-08-29T13:30:57 ORDER FAIL FLUID-USDT SHORT cooling
2026-08-29T13:30:57 ORDER FAIL CLANKER-USDT SHORT cooling
2026-08-29T13:30:57 ORDER FAIL APT-USDT SHORT cooling
2026-08-29T13:30:57 ORDER FAIL OPN-USDT SHORT cooling
2026-08-29T13:30:57 ORDER FAIL HBAR-USDT SHORT cooling
2026-08-29T13:30:57 ORDER FAIL G-USDT SHORT cooling
2026-08-29T13:30:57 ORDER FAIL RE-USDT SHORT cooling
2026-08-29T13:30:57 ORDER FAIL GWEI-USDT SHORT cooling
2026-08-29T13:30:57 ORDER FAIL MIRANETWORK-USDT SHORT cooling
2026-08-29T13:30:57 ORDER FAIL HEMI-USDT SHORT cooling
2026-08-29T13:30:57 ORDER FAIL UNI-USDT SHORT cooling
2026-08-29T13:30:57 ORDER FAIL PARTI-USDT SHORT cooling
2026-08-29T13:30:57 ORDER FAIL FOLKS-USDT SHORT cooling
2026-08-29T13:30:57 ORDER FAIL ZAMA-USDT SHORT cooling
2026-08-29T13:30:57 ORDER FAIL ACT-USDT SHORT cooling
2026-08-29T13:30:57 ORDER FAIL BEAT-USDT SHORT cooling
2026-08-29T13:30:57 ORDER FAIL TAC-USDT LONG cooling
2026-08-29T13:30:57 ORDER FAIL PROM-USDT LONG cooling
2026-08-29T13:30:57 ORDER FAIL CATE-USDT LONG cooling
2026-08-29T13:30:57 ORDER FAIL CASHCAT-USDT LONG cooling
2026-08-29T13:30:57 ORDER FAIL SIREN-USDT LONG cooling
2026-08-29T13:30:57 ORDER FAIL BROCCOLI-USDT LONG cooling
2026-08-29T13:30:57 ORDER FAIL OPG-USDT LONG cooling
2026-08-29T13:30:57 ORDER FAIL STBL-USDT LONG cooling
2026-08-29T13:30:57 ORDER FAIL USELESS-USDT LONG cooling
2026-08-29T13:30:57 ORDER FAIL CUPSEY-USDT LONG cooling
2026-08-29T13:30:57 ORDER FAIL XAN-USDT LONG cooling
2026-08-29T13:30:57 ORDER FAIL COOKIE-USDT LONG cooling
2026-08-29T13:30:57 ORDER FAIL FLUX-USDT LONG cooling
2026-08-29T13:30:57 ORDER FAIL ZKP-USDT LONG cooling
2026-08-29T13:30:57 ORDER FAIL CHILLGUY-USDT LONG cooling
2026-08-29T13:30:57 ORDER FAIL GIGGLE-USDT LONG cooling
2026-08-29T13:30:57 ORDER FAIL SPK-USDT LONG cooling
2026-08-29T13:30:57 ORDER FAIL BITLIGHT-USDT LONG cooling
2026-08-29T13:30:57 ORDER FAIL TWT-USDT LONG cooling
2026-08-29T13:30:57 ORDER FAIL BANANAS31-USDT LONG cooling
2026-08-29T13:30:57 ORDER FAIL ZEC-USDT LONG cooling
2026-08-29T13:30:57 ORDER FAIL MINA-USDT LONG cooling
2026-08-29T13:30:57 ORDER FAIL GMX-USDT LONG cooling
2026-08-29T13:30:57 ORDER FAIL EDU-USDT LONG cooling
2026-08-29T13:30:57 ORDER FAIL EIGEN-USDT LONG cooling
2026-08-29T13:30:57 ORDER FAIL MMT-USDT LONG cooling
2026-08-29T13:30:57 ORDER FAIL HOME-USDT LONG cooling
2026-08-29T13:30:57 ORDER FAIL BIO-USDT LONG cooling
2026-08-29T13:30:57 ORDER FAIL ROBO-USDT LONG cooling
2026-08-29T13:30:57 ORDER FAIL ALLO-USDT LONG cooling
2026-08-29T13:30:57 ORDER FAIL BANK-USDT LONG cooling
2026-08-29T13:30:57 ORDER FAIL PNUT-USDT LONG cooling
2026-08-29T13:30:57 ORDER FAIL XPL-USDT LONG cooling
2026-08-29T13:30:57 ORDER FAIL ONG-USDT LONG cooling
2026-08-29T13:30:57 ORDER FAIL FARTCOIN-USDT LONG cooling
2026-08-29T13:30:57 ORDER FAIL CAP-USDT LONG cooling
2026-08-29T13:30:57 ORDER FAIL CRO-USDT LONG cooling
2026-08-29T13:30:57 ORDER FAIL SPACECOIN-USDT LONG cooling
2026-08-29T13:30:57 ORDER FAIL PI-USDT LONG cooling
2026-08-29T13:30:57 ORDER FAIL KAITO-USDT LONG cooling
2026-08-29T13:30:57 ORDER FAIL MASK-USDT LONG cooling
2026-08-29T13:30:57 ORDER FAIL NIL-USDT LONG cooling
2026-08-29T13:30:57 ORDER FAIL ON-USDT LONG cooling
2026-08-29T13:30:57 ORDER FAIL IRYS-USDT LONG cooling
2026-08-29T13:30:57 ORDER FAIL DOLO-USDT LONG cooling
2026-08-29T13:30:57 ORDER FAIL ATH-USDT LONG cooling
2026-08-29T13:30:57 ORDER FAIL CORE-USDT LONG cooling
2026-08-29T13:30:57 ORDER FAIL VIRTUAL-USDT LONG cooling
2026-08-29T13:30:57 ORDER FAIL CFG-USDT LONG cooling
2026-08-29T13:30:57 ORDER FAIL SLX-USDT LONG cooling
2026-08-29T13:30:57 ORDER FAIL CARV-USDT LONG cooling
2026-08-29T13:30:57 ORDER FAIL RUNE-USDT LONG cooling
2026-08-29T13:30:57 ORDER FAIL WOTAMALAILE-USDT LONG cooling
2026-08-29T13:30:57 ORDER FAIL WAVES-USDT LONG cooling
2026-08-29T13:30:57 ORDER FAIL BSB-USDT LONG cooling
2026-08-29T13:30:57 ORDER FAIL VELVET-USDT LONG cooling
2026-08-29T13:30:57 ORDER FAIL ONE-USDT LONG cooling
2026-08-29T13:30:57 ORDER FAIL AIOT-USDT LONG cooling
2026-08-29T13:30:57 ORDER FAIL AIXBT-USDT LONG cooling
2026-08-29T13:30:57 ORDER FAIL ARIA-USDT LONG cooling
2026-08-29T13:30:57 ORDER FAIL KGEN-USDT LONG cooling
2026-08-29T13:30:57 ORDER FAIL CYS-USDT LONG cooling
2026-08-29T13:30:57 ORDER FAIL ENS-USDT LONG cooling
2026-08-29T13:30:57 ORDER FAIL VVV-USDT LONG cooling
2026-08-29T13:30:57 ORDER FAIL CC-USDT LONG cooling
2026-08-29T13:30:57 ORDER FAIL ZK-USDT LONG cooling
2026-08-29T13:30:57 ORDER FAIL TURTLE-USDT LONG cooling
2026-08-29T13:30:57 ORDER FAIL AXS-USDT LONG cooling
2026-08-29T13:30:57 ORDER FAIL JIMOTHY-USDT LONG cooling
2026-08-29T13:30:57 ORDER FAIL RATS-USDT LONG cooling
2026-08-29T13:30:57 ORDER FAIL ETHFI-USDT LONG cooling
2026-08-29T13:30:57 ORDER FAIL AGI-USDT LONG cooling
2026-08-29T13:30:57 ORDER FAIL TRUTH-USDT LONG cooling
2026-08-29T13:30:57 ORDER FAIL PUMP-USDT LONG cooling
2026-08-29T13:30:57 ORDER FAIL LA-USDT LONG cooling
2026-08-29T13:30:57 ORDER FAIL POPCAT-USDT LONG cooling
2026-08-29T13:30:57 ORDER FAIL PIPPIN-USDT LONG cooling
2026-08-29T13:30:57 ORDER FAIL OKB-USDT LONG cooling
2026-08-29T13:30:57 ORDER FAIL RIVER-USDT LONG cooling
2026-08-29T13:30:57 ORDER FAIL ARC-USDT LONG cooling
2026-08-29T13:30:57 ORDER FAIL ESPORTS-USDT LONG cooling
2026-08-29T13:30:57 ORDER FAIL GRASS-USDT LONG cooling
2026-08-29T13:30:57 ORDER FAIL GUA-USDT LONG cooling
2026-08-29T13:30:57 ORDER FAIL FET-USDT LONG cooling
2026-08-29T13:30:57 ORDER FAIL TAKE-USDT LONG cooling
2026-08-29T13:30:57 ORDER FAIL HANA-USDT LONG cooling
2026-08-29T13:30:57 ORDER FAIL EUL-USDT LONG cooling
2026-08-29T13:30:57 ORDER FAIL INX-USDT LONG cooling
2026-08-29T13:30:57 ORDER FAIL LDO-USDT LONG cooling
2026-08-29T13:30:57 ORDER FAIL COTI-USDT LONG cooling
2026-08-29T13:30:57 ORDER FAIL OG-USDT LONG cooling
2026-08-29T13:30:57 ORDER FAIL GEOD-USDT LONG cooling
2026-08-29T13:30:57 ORDER FAIL LUNA-USDT LONG cooling
2026-08-29T13:30:57 ORDER FAIL ONT-USDT LONG cooling
2026-08-29T13:30:57 ORDER FAIL XLM-USDT LONG cooling
2026-08-29T13:30:57 ORDER FAIL CATI-USDT LONG cooling
2026-08-29T13:30:57 ORDER FAIL BNLIFE-USDT LONG cooling
2026-08-29T13:30:57 ORDER FAIL O-USDT LONG cooling
2026-08-29T13:30:57 ORDER FAIL AERO-USDT LONG cooling
2026-08-29T13:30:57 ORDER FAIL AGT-USDT LONG cooling
2026-08-29T13:30:57 ORDER FAIL 1INCH-USDT LONG cooling
2026-08-29T13:30:57 ORDER FAIL AKE-USDT LONG cooling
2026-08-29T13:30:57 ORDER FAIL PROMPT-USDT LONG cooling
2026-08-29T13:30:57 ORDER FAIL MANTA-USDT LONG cooling
2026-08-29T13:30:57 ORDER FAIL GUN-USDT LONG cooling
2026-08-29T13:30:57 ORDER FAIL 4-USDT LONG cooling
2026-08-29T13:30:57 ORDER FAIL CZ-USDT LONG cooling
2026-08-29T13:30:57 ORDER FAIL LIGHTER-USDT LONG cooling
2026-08-29T13:30:57 ORDER FAIL HUMA-USDT LONG cooling
2026-08-29T13:30:57 ORDER FAIL AGLD-USDT LONG cooling
2026-08-29T13:30:57 ORDER FAIL 10000NEX-USDT LONG cooling
2026-08-29T13:30:57 ORDER FAIL PLUME-USDT LONG cooling
2026-08-29T13:30:57 ORDER FAIL ICNT-USDT LONG cooling
2026-08-29T13:30:57 ORDER FAIL AIO-USDT LONG cooling
2026-08-29T13:30:57 ORDER FAIL KAVA-USDT LONG cooling
2026-08-29T13:30:57 ORDER FAIL EVAA-USDT LONG cooling
2026-08-29T13:30:57 ORDER FAIL KAIA-USDT LONG cooling
2026-08-29T13:30:57 ORDER FAIL RENDER-USDT LONG cooling
2026-08-29T13:30:57 ORDER FAIL DGAI-USDT LONG cooling
2026-08-29T13:30:57 ORDER FAIL ZEREBRO-USDT LONG cooling
2026-08-29T13:30:57 ORDER FAIL SXT-USDT LONG cooling
2026-08-29T13:30:57 ORDER FAIL STAR-USDT LONG cooling
2026-08-29T13:30:57 ORDER FAIL SENT-USDT LONG cooling
2026-08-29T13:30:57 ORDER FAIL RECALL-USDT LONG cooling
2026-08-29T13:30:57 ORDER FAIL PURR-USDT LONG cooling
2026-08-29T13:30:57 ORDER FAIL NXPC-USDT LONG cooling
2026-08-29T13:30:57 ORDER FAIL MONAD-USDT LONG cooling
2026-08-29T13:30:57 ORDER FAIL KERNEL-USDT LONG cooling
2026-08-29T13:30:57 ORDER FAIL IO-USDT LONG cooling
2026-08-29T13:30:57 ORDER FAIL HYPERLANE-USDT LONG cooling
2026-08-29T13:30:57 ORDER FAIL GRVT-USDT LONG cooling
2026-08-29T13:30:57 ORDER FAIL FOLD-USDT LONG cooling
2026-08-29T13:30:57 ORDER FAIL FLOCK-USDT LONG cooling
2026-08-29T13:30:57 ORDER FAIL FF-USDT LONG cooling
2026-08-29T13:30:57 ORDER FAIL B-USDT LONG cooling
2026-08-29T13:30:57 ORDER FAIL AT-USDT LONG cooling
2026-08-29T13:30:57 ORDER FAIL 1000SHIB-USDT LONG cooling
2026-08-29T13:30:57 ORDER FAIL ARB-USDT LONG cooling
2026-08-29T13:30:57 ORDER FAIL MUBARAK-USDT LONG cooling
2026-08-29T13:30:57 ORDER FAIL GRAMTON-USDT LONG cooling
2026-08-29T13:30:57 ORDER FAIL AWE-USDT LONG cooling
2026-08-29T13:30:57 ORDER FAIL TST-USDT LONG cooling
2026-08-29T13:30:57 ORDER FAIL MERL-USDT LONG cooling
2026-08-29T13:30:57 ORDER FAIL 1000CHEEMS-USDT LONG cooling
2026-08-29T13:30:57 ORDER FAIL F-USDT LONG cooling
2026-08-29T13:30:57 ORDER FAIL BLESS-USDT LONG cooling
2026-08-29T13:30:57 ORDER FAIL JTO-USDT LONG cooling
2026-08-29T13:30:57 ORDER FAIL VELODROME-USDT LONG cooling
2026-08-29T13:30:57 ORDER FAIL NIGHT-USDT LONG cooling
2026-08-29T13:30:57 ORDER FAIL SPORTFUN-USDT LONG cooling
2026-08-29T13:30:57 ORDER FAIL US-USDT SHORT cooling
2026-08-29T13:30:57 ORDER FAIL KII-USDT SHORT cooling
2026-08-29T13:30:57 ORDER FAIL MAGMA-USDT SHORT cooling
2026-08-29T13:30:57 ORDER FAIL AKT-USDT SHORT cooling
2026-08-29T13:30:57 ORDER FAIL NAORIS-USDT SHORT cooling
2026-08-29T13:30:57 ORDER FAIL SOMI-USDT SHORT cooling
2026-08-29T13:30:57 ORDER FAIL SOON-USDT SHORT cooling
2026-08-29T13:30:57 ORDER FAIL SUPER-USDT SHORT cooling
2026-08-29T13:30:57 ORDER FAIL SIGN-USDT SHORT cooling
2026-08-29T13:30:57 ORDER FAIL RIF-USDT SHORT cooling
2026-08-29T13:30:57 ORDER FAIL OFC-USDT SHORT cooling
2026-08-29T13:30:57 ORDER FAIL MOODENG-USDT SHORT cooling
2026-08-29T13:30:57 ORDER FAIL SUN-USDT SHORT cooling
2026-08-29T13:30:57 ORDER FAIL GLM-USDT SHORT cooling
2026-08-29T13:30:57 ORDER FAIL ESP-USDT SHORT cooling
2026-08-29T13:30:57 ORDER FAIL ZRX-USDT SHORT cooling
2026-08-29T13:30:57 ORDER FAIL QTUM-USDT SHORT cooling
2026-08-29T13:30:57 ORDER FAIL PENDLE-USDT SHORT cooling
2026-08-29T13:30:57 ORDER FAIL TAIKO-USDT SHORT cooling
2026-08-29T13:30:57 ORDER FAIL BB-USDT SHORT cooling
2026-08-29T13:30:57 ORDER FAIL ANSEM-USDT SHORT cooling
2026-08-29T13:30:57 ORDER FAIL BTC-USDT SHORT cooling
2026-08-29T13:30:57 ORDER FAIL LSK-USDT SHORT cooling
2026-08-29T13:30:57 ORDER FAIL POLYX-USDT SHORT cooling
2026-08-29T13:30:57 ORDER FAIL PHA-USDT SHORT cooling
2026-08-29T13:30:57 ORDER FAIL SAHARA-USDT SHORT cooling
2026-08-29T13:30:57 ORDER FAIL FONE-USDT SHORT cooling
2026-08-29T13:30:57 ORDER FAIL WAL-USDT SHORT cooling
2026-08-29T13:30:57 ORDER FAIL ACU-USDT SHORT cooling
2026-08-29T13:30:57 ORDER FAIL A-USDT SHORT cooling
2026-08-29T13:30:57 ORDER FAIL IN-USDT SHORT cooling
2026-08-29T13:30:57 ORDER FAIL VET-USDT SHORT cooling
2026-08-29T13:30:57 ORDER FAIL MAV-USDT SHORT cooling
2026-08-29T13:30:57 ORDER FAIL ANKR-USDT SHORT cooling
2026-08-29T13:30:57 ORDER FAIL SYN-USDT SHORT cooling
2026-08-29T13:30:57 ORDER FAIL RARE-USDT SHORT cooling
2026-08-29T13:30:57 ORDER FAIL SUSHI-USDT SHORT cooling
2026-08-29T13:30:57 ORDER FAIL AXL-USDT SHORT cooling
2026-08-29T13:30:57 ORDER FAIL RSR-USDT SHORT cooling
2026-08-29T13:30:57 ORDER FAIL BIRB-USDT SHORT cooling
2026-08-29T13:30:57 ORDER FAIL ME-USDT SHORT cooling
2026-08-29T13:30:57 ORDER FAIL ALIGN-USDT SHORT cooling
2026-08-29T13:30:57 ORDER FAIL PEOPLE-USDT SHORT cooling
2026-08-29T13:30:57 ORDER FAIL IOTX-USDT SHORT cooling
2026-08-29T13:30:57 ORDER FAIL XMR-USDT SHORT cooling
2026-08-29T13:30:57 ORDER FAIL AIN-USDT SHORT cooling
2026-08-29T13:30:57 ORDER FAIL METEORA-USDT SHORT cooling
2026-08-29T13:30:57 ORDER FAIL MAGIC-USDT SHORT cooling
2026-08-29T13:30:57 ORDER FAIL S-USDT SHORT cooling
2026-08-29T13:30:57 ORDER FAIL APEX-USDT SHORT cooling
2026-08-29T13:30:57 ORDER FAIL ALPINE-USDT SHORT cooling
2026-08-29T13:30:57 ORDER FAIL HEI-USDT SHORT cooling
2026-08-29T13:30:57 ORDER FAIL CKB-USDT SHORT cooling
2026-08-29T13:30:57 ORDER FAIL AR-USDT SHORT cooling
2026-08-29T13:30:57 ORDER FAIL STEEM-USDT SHORT cooling
2026-08-29T13:30:57 ORDER FAIL ASTR-USDT SHORT cooling
2026-08-29T13:30:57 ORDER FAIL GRT-USDT SHORT cooling
2026-08-29T13:30:57 ORDER FAIL WCT-USDT SHORT cooling
2026-08-29T13:30:57 ORDER FAIL W-USDT SHORT cooling
2026-08-29T13:30:57 ORDER FAIL SLP-USDT SHORT cooling
2026-08-29T13:30:57 ORDER FAIL API3-USDT SHORT cooling
2026-08-29T13:30:57 ORDER FAIL ZEST-USDT SHORT cooling
2026-08-29T13:30:57 ORDER FAIL DATANETWORK-USDT SHORT cooling
2026-08-29T13:30:57 ORDER FAIL LAYER-USDT SHORT cooling
2026-08-29T13:30:57 ORDER FAIL H-USDT SHORT cooling
2026-08-29T13:30:57 ORDER FAIL IOTA-USDT SHORT cooling
2026-08-29T13:30:57 ORDER FAIL TERMMAX-USDT SHORT cooling
2026-08-29T13:30:57 ORDER FAIL DOT-USDT SHORT cooling
2026-08-29T13:30:57 ORDER FAIL SOLV-USDT SHORT cooling
2026-08-29T13:30:57 ORDER FAIL MELANIA-USDT SHORT cooling
2026-08-29T13:30:57 ORDER FAIL BAT-USDT SHORT cooling
2026-08-29T13:30:57 ORDER FAIL INIT-USDT SHORT cooling
2026-08-29T13:30:57 ORDER FAIL LUMIA-USDT SHORT cooling
2026-08-29T13:30:57 ORDER FAIL CHR-USDT SHORT cooling
2026-08-29T13:30:57 ORDER FAIL EGLD-USDT SHORT cooling
2026-08-29T13:30:57 ORDER FAIL C-USDT SHORT cooling
2026-08-29T13:30:57 ORDER FAIL ASTER-USDT SHORT cooling
2026-08-29T13:30:57 ORDER FAIL STX-USDT SHORT cooling
2026-08-29T13:30:57 ORDER FAIL ENJ-USDT SHORT cooling
2026-08-29T13:30:57 ORDER FAIL SKL-USDT SHORT cooling
2026-08-29T13:30:57 ORDER FAIL BCH-USDT SHORT cooling
2026-08-29T13:30:57 ORDER FAIL SYRUP-USDT SHORT cooling
2026-08-29T13:30:57 ORDER FAIL QNT-USDT SHORT cooling
2026-08-29T13:30:57 ORDER FAIL WOO-USDT SHORT cooling
2026-08-29T13:30:57 ORDER FAIL WET-USDT SHORT cooling
2026-08-29T13:30:57 ORDER FAIL IOST-USDT SHORT cooling
2026-08-29T13:30:57 ORDER FAIL POWR-USDT SHORT cooling
2026-08-29T13:30:57 ORDER FAIL MANA-USDT SHORT cooling
2026-08-29T13:30:57 ORDER FAIL MOVR-USDT SHORT cooling
2026-08-29T13:30:57 ORDER FAIL PIXEL-USDT SHORT cooling
2026-08-29T13:30:57 ORDER FAIL MANCER-USDT SHORT cooling
2026-08-29T13:30:57 ORDER FAIL EDGEX-USDT SHORT cooling
2026-08-29T13:30:57 ORDER FAIL ENA-USDT SHORT cooling
2026-08-29T13:30:57 ORDER FAIL AVAAI-USDT SHORT cooling
2026-08-29T13:30:57 ORDER FAIL YFI-USDT SHORT cooling
2026-08-29T13:30:57 ORDER FAIL KAT-USDT SHORT cooling
2026-08-29T13:30:57 ORDER FAIL ARX-USDT SHORT cooling
2026-08-29T13:30:57 ORDER FAIL REZ-USDT SHORT cooling
2026-08-29T13:30:57 ORDER FAIL AVA-USDT SHORT cooling
2026-08-29T13:30:57 ORDER FAIL BLUR-USDT SHORT cooling
2026-08-29T13:30:57 ORDER FAIL SAND-USDT SHORT cooling
2026-08-29T13:30:57 ORDER FAIL COMP-USDT SHORT cooling
2026-08-29T13:30:57 ORDER FAIL INJ-USDT SHORT cooling
2026-08-29T13:30:57 ORDER FAIL AAVE-USDT SHORT cooling
2026-08-29T13:30:57 ORDER FAIL ZEN-USDT SHORT cooling
2026-08-29T13:30:57 ORDER FAIL EPIC-USDT SHORT cooling
2026-08-29T13:30:57 ORDER FAIL METIS-USDT SHORT cooling
2026-08-29T13:30:57 ORDER FAIL NEO-USDT SHORT cooling
2026-08-29T13:30:57 ORDER FAIL CETUS-USDT SHORT cooling
2026-08-29T13:30:57 ORDER FAIL BILL-USDT SHORT cooling
2026-08-29T13:30:57 ORDER FAIL KAS-USDT SHORT cooling
2026-08-29T13:30:57 ORDER FAIL XAI-USDT SHORT cooling
2026-08-29T13:30:57 ORDER FAIL GMT-USDT SHORT cooling
2026-08-29T13:30:57 ORDER FAIL TRB-USDT SHORT cooling
2026-08-29T13:30:57 ORDER FAIL SOPH-USDT SHORT cooling
2026-08-29T13:30:57 ORDER FAIL RAY-USDT SHORT cooling
2026-08-29T13:30:57 ORDER FAIL THE-USDT SHORT cooling
2026-08-29T13:30:57 ORDER FAIL DYM-USDT SHORT cooling
2026-08-29T13:30:57 ORDER FAIL VANA-USDT SHORT cooling
2026-08-29T13:30:57 ORDER FAIL ALCH-USDT SHORT cooling
2026-08-29T13:30:57 ORDER FAIL SUI-USDT SHORT cooling
2026-08-29T13:30:57 ORDER FAIL POWER-USDT SHORT cooling
2026-08-29T13:30:57 ORDER FAIL KSM-USDT SHORT cooling
2026-08-29T13:30:57 ORDER FAIL OPENLEDGER-USDT SHORT cooling
2026-08-29T13:30:57 ORDER FAIL CYBER-USDT SHORT cooling
2026-08-29T13:30:57 ORDER FAIL TUT-USDT SHORT cooling
2026-08-29T13:30:57 ORDER FAIL LTC-USDT SHORT cooling
2026-08-29T13:30:57 ORDER FAIL FLOW-USDT SHORT cooling
2026-08-29T13:30:57 ORDER FAIL OP-USDT SHORT cooling
2026-08-29T13:30:57 ORDER FAIL SNX-USDT SHORT cooling
2026-08-29T13:30:57 ORDER FAIL SAPIEN-USDT SHORT cooling
2026-08-29T13:30:57 ORDER FAIL STG-USDT SHORT cooling
2026-08-29T13:30:57 ORDER FAIL B2-USDT SHORT cooling
2026-08-29T13:30:57 ORDER FAIL CLO-USDT SHORT cooling
2026-08-29T13:30:57 ORDER FAIL AVAX-USDT SHORT cooling
2026-08-29T13:30:57 ORDER FAIL PIEVERSE-USDT SHORT cooling
2026-08-29T13:30:57 ORDER FAIL BREV-USDT SHORT cooling
2026-08-29T13:30:57 ORDER FAIL TLM-USDT SHORT cooling
2026-08-29T13:30:57 ORDER FAIL SKR-USDT SHORT cooling
2026-08-29T13:30:57 ORDER FAIL WLFI-USDT SHORT cooling
2026-08-29T13:30:57 ORDER FAIL AMP-USDT SHORT cooling
2026-08-29T13:30:57 ORDER FAIL SWARMS-USDT SHORT cooling
2026-08-29T13:30:57 ORDER FAIL TOSHI-USDT SHORT cooling
2026-08-29T13:30:57 ORDER FAIL SAFE-USDT SHORT cooling
2026-08-29T13:30:57 ORDER FAIL AIA-USDT SHORT cooling
2026-08-29T13:30:57 ORDER FAIL NIULAI-USDT SHORT cooling
2026-08-29T13:30:57 ORDER FAIL CTK-USDT SHORT cooling
2026-08-29T13:30:57 ORDER FAIL DOGS-USDT SHORT cooling
2026-08-29T13:30:57 ORDER FAIL TREE-USDT SHORT cooling
2026-08-29T13:30:57 ORDER FAIL TOWNS-USDT SHORT cooling
2026-08-29T13:30:57 ORDER FAIL ROSE-USDT SHORT cooling
2026-08-29T13:30:57 ORDER FAIL MEW-USDT SHORT cooling
2026-08-29T13:30:57 ORDER FAIL BIGTIME-USDT SHORT cooling
2026-08-29T13:30:57 ORDER FAIL ZKC-USDT SHORT cooling
2026-08-29T13:30:57 ORDER FAIL LYN-USDT SHORT cooling
2026-08-29T13:30:57 ORDER FAIL LQTY-USDT SHORT cooling
2026-08-29T13:30:57 ORDER FAIL FLOKI-USDT SHORT cooling
2026-08-29T13:30:57 ORDER FAIL WIF-USDT SHORT cooling
2026-08-29T13:30:57 ORDER FAIL MTL-USDT SHORT cooling
2026-08-29T13:30:57 ORDER FAIL RON-USDT SHORT cooling
2026-08-29T13:30:57 ORDER FAIL FRAX-USDT SHORT cooling
2026-08-29T13:30:57 ORDER FAIL CFX-USDT SHORT cooling
2026-08-29T13:30:57 ORDER FAIL FIGHTID-USDT SHORT cooling
2026-08-29T13:30:57 ORDER FAIL HYPE-USDT SHORT cooling
2026-08-29T13:30:57 ORDER FAIL ETC-USDT SHORT cooling
2026-08-29T13:30:57 ORDER FAIL TNSR-USDT SHORT cooling
2026-08-29T13:30:57 ORDER FAIL BISCOTTI-USDT SHORT cooling
2026-08-29T13:30:57 ORDER FAIL XRP-USDT SHORT cooling
2026-08-29T13:30:57 ORDER FAIL LINK-USDT SHORT cooling
2026-08-29T13:30:57 ORDER FAIL SFP-USDT SHORT cooling
2026-08-29T13:30:57 ORDER FAIL POL-USDT SHORT cooling
2026-08-29T13:30:57 ORDER FAIL PROVE-USDT SHORT cooling
2026-08-29T13:30:57 ORDER FAIL IMX-USDT SHORT cooling
2026-08-29T13:30:57 ORDER FAIL ORCA-USDT SHORT cooling
2026-08-29T13:30:57 ORDER FAIL Q-USDT SHORT cooling
2026-08-29T13:30:57 ORDER FAIL NMR-USDT SHORT cooling
2026-08-29T13:30:57 ORDER FAIL STO-USDT SHORT cooling
2026-08-29T13:30:57 ORDER FAIL ID-USDT SHORT cooling
2026-08-29T13:30:57 ORDER FAIL ADA-USDT SHORT cooling
2026-08-29T13:30:57 ORDER FAIL COLLECT-USDT SHORT cooling
2026-08-29T13:30:57 ORDER FAIL FIL-USDT SHORT cooling
2026-08-29T13:30:57 ORDER FAIL AEONBSC-USDT SHORT cooling
2026-08-29T13:30:57 ORDER FAIL XNY-USDT SHORT cooling
2026-08-29T13:30:57 ORDER FAIL BAS-USDT SHORT cooling
2026-08-29T13:30:57 ORDER FAIL RVN-USDT SHORT cooling
2026-08-29T13:30:57 ORDER FAIL AZTEC-USDT SHORT cooling
2026-08-29T13:30:57 ORDER FAIL RLC-USDT SHORT cooling
2026-08-29T13:30:57 ORDER FAIL BASECAT-USDT SHORT cooling
2026-08-29T13:30:57 ORDER FAIL PUMPBTC-USDT SHORT cooling
2026-08-29T13:30:57 ORDER FAIL CHIP-USDT SHORT cooling
2026-08-29T13:30:57 ORDER FAIL M-USDT SHORT cooling
2026-08-29T13:30:57 ORDER FAIL TURBO-USDT SHORT cooling
2026-08-29T13:30:57 ORDER FAIL ALT-USDT SHORT cooling
2026-08-29T13:30:57 ORDER FAIL CROSS-USDT SHORT cooling
2026-08-29T13:30:57 ORDER FAIL MNT-USDT SHORT cooling
2026-08-29T13:30:57 ORDER FAIL ALGO-USDT SHORT cooling
2026-08-29T13:30:57 ORDER FAIL 1000BONK-USDT SHORT cooling
2026-08-29T13:30:57 ORDER FAIL LONGXIA-USDT SHORT cooling
2026-08-29T13:30:57 ORDER FAIL KITE-USDT SHORT cooling
2026-08-29T13:30:57 ORDER FAIL KNC-USDT SHORT cooling
2026-08-29T13:30:57 ORDER FAIL KOMA-USDT SHORT cooling
2026-08-29T13:30:57 ORDER FAIL LISTA-USDT SHORT cooling
2026-08-29T13:30:57 ORDER FAIL NES-USDT SHORT cooling
2026-08-29T13:30:57 ORDER FAIL YGG-USDT SHORT cooling
2026-08-29T13:30:57 ORDER FAIL TA-USDT SHORT cooling
2026-08-29T13:30:57 ORDER FAIL ZRO-USDT SHORT cooling
2026-08-29T13:30:57 ORDER FAIL SQD-USDT SHORT cooling
2026-08-29T13:30:57 ORDER FAIL RPL-USDT SHORT cooling
2026-08-29T13:30:57 ORDER FAIL PISTACIO-USDT SHORT cooling
2026-08-29T13:30:57 ORDER FAIL PIPEDOG-USDT SHORT cooling
2026-08-29T13:30:57 ORDER FAIL ORDI-USDT SHORT cooling
2026-08-29T13:30:57 ORDER FAIL ORDER-USDT SHORT cooling
2026-08-29T13:30:57 ORDER FAIL JUP-USDT SHORT cooling
2026-08-29T13:30:57 ORDER FAIL GENIUS-USDT SHORT cooling
2026-08-29T13:30:57 ORDER FAIL DEEP-USDT SHORT cooling
2026-08-29T13:30:57 ORDER FAIL CGPT-USDT SHORT cooling
2026-08-29T13:30:57 ORDER FAIL BTW-USDT SHORT cooling
2026-08-29T13:30:57 ORDER FAIL BERA-USDT SHORT cooling
2026-08-29T13:30:57 ORDER FAIL ATOM-USDT SHORT cooling
2026-08-29T13:30:57 ORDER FAIL ACH-USDT SHORT cooling
2026-08-29T13:30:57 ORDER FAIL ARPA-USDT SHORT cooling
2026-08-29T13:30:57 ORDER FAIL FIDA-USDT SHORT cooling
2026-08-29T13:30:57 ORDER FAIL BOME-USDT SHORT cooling
2026-08-29T13:30:57 ORDER FAIL GENSYN-USDT SHORT cooling
2026-08-29T13:30:57 ORDER FAIL PORTAL-USDT SHORT cooling
2026-08-29T13:30:57 ORDER FAIL RAVE-USDT SHORT cooling
2026-08-29T13:30:57 ORDER FAIL SPX-USDT SHORT cooling
2026-08-29T13:30:57 ORDER FAIL TRIA-USDT SHORT cooling
2026-08-29T13:30:57 ORDER FAIL DIA-USDT SHORT cooling
2026-08-29T13:30:57 ORDER FAIL APR-USDT SHORT cooling
2026-08-29T13:30:57 ORDER FAIL PRL-USDT SHORT cooling
2026-08-29T13:30:57 ORDER FAIL BSV-USDT SHORT cooling
2026-08-29T13:30:57 ORDER FAIL XAUT-USDT SHORT cooling
2026-08-29T13:30:57 ORDER FAIL UMA-USDT SHORT cooling
2026-08-29T13:30:57 ORDER FAIL IDOL-USDT SHORT cooling
2026-08-29T13:30:57 ORDER FAIL SKY-USDT SHORT cooling
2026-08-29T13:30:57 ORDER FAIL SKYAI-USDT SHORT cooling
2026-08-29T13:30:57 ORDER FAIL ARK-USDT SHORT cooling
2026-08-29T13:30:57 ORDER FAIL PENGU-USDT SHORT cooling
2026-08-29T13:30:57 ORDER FAIL FOGO-USDT SHORT cooling
2026-08-29T13:30:57 ORDER FAIL FLUID-USDT SHORT cooling
2026-08-29T13:30:57 ORDER FAIL CLANKER-USDT SHORT cooling
2026-08-29T13:30:57 ORDER FAIL APT-USDT SHORT cooling
2026-08-29T13:30:57 ORDER FAIL OPN-USDT SHORT cooling
2026-08-29T13:30:57 ORDER FAIL HBAR-USDT SHORT cooling
2026-08-29T13:30:57 ORDER FAIL G-USDT SHORT cooling
2026-08-29T13:30:57 ORDER FAIL RE-USDT SHORT cooling
2026-08-29T13:30:57 ORDER FAIL GWEI-USDT SHORT cooling
2026-08-29T13:30:57 ORDER FAIL MIRANETWORK-USDT SHORT cooling
2026-08-29T13:30:57 ORDER FAIL HEMI-USDT SHORT cooling
2026-08-29T13:30:57 ORDER FAIL UNI-USDT SHORT cooling
2026-08-29T13:30:57 ORDER FAIL PARTI-USDT SHORT cooling
2026-08-29T13:30:57 ORDER FAIL FOLKS-USDT SHORT cooling
2026-08-29T13:30:57 ORDER FAIL ZAMA-USDT SHORT cooling
2026-08-29T13:30:57 ORDER FAIL ACT-USDT SHORT cooling
2026-08-29T13:30:57 ORDER FAIL BEAT-USDT SHORT cooling
2026-08-29T13:30:57 ORDER FAIL TAC-USDT LONG cooling
2026-08-29T13:30:57 ORDER FAIL PROM-USDT LONG cooling
2026-08-29T13:30:57 ORDER FAIL CATE-USDT LONG cooling
2026-08-29T13:30:57 ORDER FAIL CASHCAT-USDT LONG cooling
2026-08-29T13:30:57 ORDER FAIL SIREN-USDT LONG cooling
2026-08-29T13:30:57 ORDER FAIL BROCCOLI-USDT LONG cooling
2026-08-29T13:30:57 ORDER FAIL OPG-USDT LONG cooling
2026-08-29T13:30:57 ORDER FAIL STBL-USDT LONG cooling
2026-08-29T13:30:57 ORDER FAIL USELESS-USDT LONG cooling
2026-08-29T13:30:57 ORDER FAIL CUPSEY-USDT LONG cooling
2026-08-29T13:30:57 ORDER FAIL XAN-USDT LONG cooling
2026-08-29T13:30:57 ORDER FAIL COOKIE-USDT LONG cooling
2026-08-29T13:30:57 ORDER FAIL FLUX-USDT LONG cooling
2026-08-29T13:30:57 ORDER FAIL ZKP-USDT LONG cooling
2026-08-29T13:30:57 ORDER FAIL CHILLGUY-USDT LONG cooling
2026-08-29T13:30:57 ORDER FAIL GIGGLE-USDT LONG cooling
2026-08-29T13:30:57 ORDER FAIL SPK-USDT LONG cooling
2026-08-29T13:30:57 ORDER FAIL BITLIGHT-USDT LONG cooling
2026-08-29T13:30:57 ORDER FAIL TWT-USDT LONG cooling
2026-08-29T13:30:57 ORDER FAIL BANANAS31-USDT LONG cooling
2026-08-29T13:30:57 ORDER FAIL ZEC-USDT LONG cooling
2026-08-29T13:30:57 ORDER FAIL MINA-USDT LONG cooling
2026-08-29T13:30:57 ORDER FAIL GMX-USDT LONG cooling
2026-08-29T13:30:57 ORDER FAIL EDU-USDT LONG cooling
2026-08-29T13:30:57 ORDER FAIL EIGEN-USDT LONG cooling
2026-08-29T13:30:57 ORDER FAIL MMT-USDT LONG cooling
2026-08-29T13:30:57 ORDER FAIL HOME-USDT LONG cooling
2026-08-29T13:30:57 ORDER FAIL BIO-USDT LONG cooling
2026-08-29T13:30:57 ORDER FAIL ROBO-USDT LONG cooling
2026-08-29T13:30:57 ORDER FAIL ALLO-USDT LONG cooling
2026-08-29T13:30:57 ORDER FAIL BANK-USDT LONG cooling
2026-08-29T13:30:57 ORDER FAIL PNUT-USDT LONG cooling
2026-08-29T13:30:57 ORDER FAIL XPL-USDT LONG cooling
2026-08-29T13:30:57 ORDER FAIL ONG-USDT LONG cooling
2026-08-29T13:30:57 ORDER FAIL FARTCOIN-USDT LONG cooling
2026-08-29T13:30:57 ORDER FAIL CAP-USDT LONG cooling
2026-08-29T13:30:57 ORDER FAIL CRO-USDT LONG cooling
2026-08-29T13:30:57 ORDER FAIL SPACECOIN-USDT LONG cooling
2026-08-29T13:30:57 ORDER FAIL PI-USDT LONG cooling
2026-08-29T13:30:57 ORDER FAIL KAITO-USDT LONG cooling
2026-08-29T13:30:57 ORDER FAIL MASK-USDT LONG cooling
2026-08-29T13:30:57 ORDER FAIL NIL-USDT LONG cooling
2026-08-29T13:30:57 ORDER FAIL ON-USDT LONG cooling
2026-08-29T13:30:57 ORDER FAIL IRYS-USDT LONG cooling
2026-08-29T13:30:57 ORDER FAIL DOLO-USDT LONG cooling
2026-08-29T13:30:57 ORDER FAIL ATH-USDT LONG cooling
2026-08-29T13:30:57 ORDER FAIL CORE-USDT LONG cooling
2026-08-29T13:30:57 ORDER FAIL VIRTUAL-USDT LONG cooling
2026-08-29T13:30:57 ORDER FAIL CFG-USDT LONG cooling
2026-08-29T13:30:57 ORDER FAIL SLX-USDT LONG cooling
2026-08-29T13:30:57 ORDER FAIL CARV-USDT LONG cooling
2026-08-29T13:30:57 ORDER FAIL RUNE-USDT LONG cooling
2026-08-29T13:30:57 ORDER FAIL WOTAMALAILE-USDT LONG cooling
2026-08-29T13:30:57 ORDER FAIL WAVES-USDT LONG cooling
2026-08-29T13:30:57 ORDER FAIL BSB-USDT LONG cooling
2026-08-29T13:30:57 ORDER FAIL VELVET-USDT LONG cooling
2026-08-29T13:30:57 ORDER FAIL ONE-USDT LONG cooling
2026-08-29T13:30:57 ORDER FAIL AIOT-USDT LONG cooling
2026-08-29T13:30:57 ORDER FAIL AIXBT-USDT LONG cooling
2026-08-29T13:30:57 ORDER FAIL ARIA-USDT LONG cooling
2026-08-29T13:30:57 ORDER FAIL KGEN-USDT LONG cooling
2026-08-29T13:30:57 ORDER FAIL CYS-USDT LONG cooling
2026-08-29T13:30:57 ORDER FAIL ENS-USDT LONG cooling
2026-08-29T13:30:57 ORDER FAIL VVV-USDT LONG cooling
2026-08-29T13:30:57 ORDER FAIL CC-USDT LONG cooling
2026-08-29T13:30:57 ORDER FAIL ZK-USDT LONG cooling
2026-08-29T13:30:57 ORDER FAIL TURTLE-USDT LONG cooling
2026-08-29T13:30:57 ORDER FAIL AXS-USDT LONG cooling
2026-08-29T13:30:57 ORDER FAIL JIMOTHY-USDT LONG cooling
2026-08-29T13:30:57 ORDER FAIL RATS-USDT LONG cooling
2026-08-29T13:30:57 ORDER FAIL ETHFI-USDT LONG cooling
2026-08-29T13:30:57 ORDER FAIL AGI-USDT LONG cooling
2026-08-29T13:30:57 ORDER FAIL TRUTH-USDT LONG cooling
2026-08-29T13:30:57 ORDER FAIL PUMP-USDT LONG cooling
2026-08-29T13:30:57 ORDER FAIL LA-USDT LONG cooling
2026-08-29T13:30:57 ORDER FAIL POPCAT-USDT LONG cooling
2026-08-29T13:30:57 ORDER FAIL PIPPIN-USDT LONG cooling
2026-08-29T13:30:57 ORDER FAIL OKB-USDT LONG cooling
2026-08-29T13:30:57 ORDER FAIL RIVER-USDT LONG cooling
2026-08-29T13:30:57 ORDER FAIL ARC-USDT LONG cooling
2026-08-29T13:30:57 ORDER FAIL ESPORTS-USDT LONG cooling
2026-08-29T13:30:57 ORDER FAIL GRASS-USDT LONG cooling
2026-08-29T13:30:57 ORDER FAIL GUA-USDT LONG cooling
2026-08-29T13:30:57 ORDER FAIL FET-USDT LONG cooling
2026-08-29T13:30:57 ORDER FAIL TAKE-USDT LONG cooling
2026-08-29T13:30:57 ORDER FAIL HANA-USDT LONG cooling
2026-08-29T13:30:57 ORDER FAIL EUL-USDT LONG cooling
2026-08-29T13:30:57 ORDER FAIL INX-USDT LONG cooling
2026-08-29T13:30:57 ORDER FAIL LDO-USDT LONG cooling
2026-08-29T13:30:57 ORDER FAIL COTI-USDT LONG cooling
2026-08-29T13:30:57 ORDER FAIL OG-USDT LONG cooling
2026-08-29T13:30:57 ORDER FAIL GEOD-USDT LONG cooling
2026-08-29T13:30:57 ORDER FAIL LUNA-USDT LONG cooling
2026-08-29T13:30:57 ORDER FAIL ONT-USDT LONG cooling
2026-08-29T13:30:57 ORDER FAIL XLM-USDT LONG cooling
2026-08-29T13:30:57 ORDER FAIL CATI-USDT LONG cooling
2026-08-29T13:30:57 ORDER FAIL BNLIFE-USDT LONG cooling
2026-08-29T13:30:57 ORDER FAIL O-USDT LONG cooling
2026-08-29T13:30:57 ORDER FAIL AERO-USDT LONG cooling
2026-08-29T13:30:57 ORDER FAIL AGT-USDT LONG cooling
2026-08-29T13:30:57 ORDER FAIL 1INCH-USDT LONG cooling
2026-08-29T13:30:57 ORDER FAIL AKE-USDT LONG cooling
2026-08-29T13:30:57 ORDER FAIL PROMPT-USDT LONG cooling
2026-08-29T13:30:57 ORDER FAIL MANTA-USDT LONG cooling
2026-08-29T13:30:57 ORDER FAIL GUN-USDT LONG cooling
2026-08-29T13:30:57 ORDER FAIL 4-USDT LONG cooling
2026-08-29T13:30:57 ORDER FAIL CZ-USDT LONG cooling
2026-08-29T13:30:57 ORDER FAIL LIGHTER-USDT LONG cooling
2026-08-29T13:30:57 ORDER FAIL HUMA-USDT LONG cooling
2026-08-29T13:30:57 ORDER FAIL AGLD-USDT LONG cooling
2026-08-29T13:30:57 ORDER FAIL 10000NEX-USDT LONG cooling
2026-08-29T13:30:57 ORDER FAIL PLUME-USDT LONG cooling
2026-08-29T13:30:57 ORDER FAIL ICNT-USDT LONG cooling
2026-08-29T13:30:57 ORDER FAIL AIO-USDT LONG cooling
2026-08-29T13:30:57 ORDER FAIL KAVA-USDT LONG cooling
2026-08-29T13:30:57 ORDER FAIL EVAA-USDT LONG cooling
2026-08-29T13:30:57 ORDER FAIL KAIA-USDT LONG cooling
2026-08-29T13:30:57 ORDER FAIL RENDER-USDT LONG cooling
2026-08-29T13:30:57 ORDER FAIL DGAI-USDT LONG cooling
2026-08-29T13:30:57 ORDER FAIL ZEREBRO-USDT LONG cooling
2026-08-29T13:30:57 ORDER FAIL SXT-USDT LONG cooling
2026-08-29T13:30:57 ORDER FAIL STAR-USDT LONG cooling
2026-08-29T13:30:57 ORDER FAIL SENT-USDT LONG cooling
2026-08-29T13:30:57 ORDER FAIL RECALL-USDT LONG cooling
2026-08-29T13:30:57 ORDER FAIL PURR-USDT LONG cooling
2026-08-29T13:30:57 ORDER FAIL NXPC-USDT LONG cooling
2026-08-29T13:30:57 ORDER FAIL MONAD-USDT LONG cooling
2026-08-29T13:30:57 ORDER FAIL KERNEL-USDT LONG cooling
2026-08-29T13:30:57 ORDER FAIL IO-USDT LONG cooling
2026-08-29T13:30:57 ORDER FAIL HYPERLANE-USDT LONG cooling
2026-08-29T13:30:57 ORDER FAIL GRVT-USDT LONG cooling
2026-08-29T13:30:57 ORDER FAIL FOLD-USDT LONG cooling
2026-08-29T13:30:57 ORDER FAIL FLOCK-USDT LONG cooling
2026-08-29T13:30:57 ORDER FAIL FF-USDT LONG cooling
2026-08-29T13:30:57 ORDER FAIL B-USDT LONG cooling
2026-08-29T13:30:57 ORDER FAIL AT-USDT LONG cooling
2026-08-29T13:30:57 ORDER FAIL 1000SHIB-USDT LONG cooling
2026-08-29T13:30:57 ORDER FAIL ARB-USDT LONG cooling
2026-08-29T13:30:57 ORDER FAIL MUBARAK-USDT LONG cooling
2026-08-29T13:30:57 ORDER FAIL GRAMTON-USDT LONG cooling
2026-08-29T13:30:57 ORDER FAIL AWE-USDT LONG cooling
2026-08-29T13:30:57 ORDER FAIL TST-USDT LONG cooling
2026-08-29T13:30:57 ORDER FAIL MERL-USDT LONG cooling
2026-08-29T13:30:57 ORDER FAIL 1000CHEEMS-USDT LONG cooling
2026-08-29T13:30:57 ORDER FAIL F-USDT LONG cooling
2026-08-29T13:30:57 ORDER FAIL BLESS-USDT LONG cooling
2026-08-29T13:30:57 ORDER FAIL JTO-USDT LONG cooling
2026-08-29T13:30:57 ORDER FAIL VELODROME-USDT LONG cooling
2026-08-29T13:30:57 ORDER FAIL NIGHT-USDT LONG cooling
2026-08-29T13:30:57 ORDER FAIL SPORTFUN-USDT LONG cooling
2026-08-29T13:30:57 ORDER FAIL US-USDT SHORT cooling
2026-08-29T13:30:57 ORDER FAIL KII-USDT SHORT cooling
2026-08-29T13:30:57 ORDER FAIL MAGMA-USDT SHORT cooling
2026-08-29T13:30:57 ORDER FAIL AKT-USDT SHORT cooling
2026-08-29T13:30:57 ORDER FAIL NAORIS-USDT SHORT cooling
2026-08-29T13:30:57 ORDER FAIL SOMI-USDT SHORT cooling
2026-08-29T13:30:57 ORDER FAIL SOON-USDT SHORT cooling
2026-08-29T13:30:57 ORDER FAIL SUPER-USDT SHORT cooling
2026-08-29T13:30:57 ORDER FAIL SIGN-USDT SHORT cooling
2026-08-29T13:30:57 ORDER FAIL RIF-USDT SHORT cooling
2026-08-29T13:30:57 ORDER FAIL OFC-USDT SHORT cooling
2026-08-29T13:30:57 ORDER FAIL MOODENG-USDT SHORT cooling
2026-08-29T13:30:57 ORDER FAIL SUN-USDT SHORT cooling
2026-08-29T13:30:57 ORDER FAIL GLM-USDT SHORT cooling
2026-08-29T13:30:57 ORDER FAIL ESP-USDT SHORT cooling
2026-08-29T13:30:57 ORDER FAIL ZRX-USDT SHORT cooling
2026-08-29T13:30:57 ORDER FAIL QTUM-USDT SHORT cooling
2026-08-29T13:30:57 ORDER FAIL PENDLE-USDT SHORT cooling
2026-08-29T13:30:57 ORDER FAIL TAIKO-USDT SHORT cooling
2026-08-29T13:30:57 ORDER FAIL BB-USDT SHORT cooling
2026-08-29T13:30:57 ORDER FAIL ANSEM-USDT SHORT cooling
2026-08-29T13:30:57 ORDER FAIL BTC-USDT SHORT cooling
2026-08-29T13:30:57 ORDER FAIL LSK-USDT SHORT cooling
2026-08-29T13:30:57 ORDER FAIL POLYX-USDT SHORT cooling
2026-08-29T13:30:57 ORDER FAIL PHA-USDT SHORT cooling
2026-08-29T13:30:57 ORDER FAIL SAHARA-USDT SHORT cooling
2026-08-29T13:30:57 ORDER FAIL FONE-USDT SHORT cooling
2026-08-29T13:30:57 ORDER FAIL WAL-USDT SHORT cooling
2026-08-29T13:30:57 ORDER FAIL ACU-USDT SHORT cooling
2026-08-29T13:30:57 ORDER FAIL A-USDT SHORT cooling
2026-08-29T13:30:57 ORDER FAIL IN-USDT SHORT cooling
2026-08-29T13:30:57 ORDER FAIL VET-USDT SHORT cooling
2026-08-29T13:30:57 ORDER FAIL MAV-USDT SHORT cooling
2026-08-29T13:30:57 ORDER FAIL ANKR-USDT SHORT cooling
2026-08-29T13:30:57 ORDER FAIL SYN-USDT SHORT cooling
2026-08-29T13:30:57 ORDER FAIL RARE-USDT SHORT cooling
2026-08-29T13:30:57 ORDER FAIL SUSHI-USDT SHORT cooling
2026-08-29T13:30:57 ORDER FAIL AXL-USDT SHORT cooling
2026-08-29T13:30:57 ORDER FAIL RSR-USDT SHORT cooling
2026-08-29T13:30:57 ORDER FAIL BIRB-USDT SHORT cooling
2026-08-29T13:30:57 ORDER FAIL ME-USDT SHORT cooling
2026-08-29T13:30:57 ORDER FAIL ALIGN-USDT SHORT cooling
2026-08-29T13:30:57 ORDER FAIL PEOPLE-USDT SHORT cooling
2026-08-29T13:30:57 ORDER FAIL IOTX-USDT SHORT cooling
2026-08-29T13:30:57 ORDER FAIL XMR-USDT SHORT cooling
2026-08-29T13:30:57 ORDER FAIL AIN-USDT SHORT cooling
2026-08-29T13:30:57 ORDER FAIL METEORA-USDT SHORT cooling
2026-08-29T13:30:57 ORDER FAIL MAGIC-USDT SHORT cooling
2026-08-29T13:30:57 ORDER FAIL S-USDT SHORT cooling
2026-08-29T13:30:57 ORDER FAIL APEX-USDT SHORT cooling
2026-08-29T13:30:57 ORDER FAIL ALPINE-USDT SHORT cooling
2026-08-29T13:30:57 ORDER FAIL HEI-USDT SHORT cooling
2026-08-29T13:30:57 ORDER FAIL CKB-USDT SHORT cooling
2026-08-29T13:30:57 ORDER FAIL AR-USDT SHORT cooling
2026-08-29T13:30:57 ORDER FAIL STEEM-USDT SHORT cooling
2026-08-29T13:30:57 ORDER FAIL ASTR-USDT SHORT cooling
2026-08-29T13:30:57 ORDER FAIL GRT-USDT SHORT cooling
2026-08-29T13:30:57 ORDER FAIL WCT-USDT SHORT cooling
2026-08-29T13:30:57 ORDER FAIL W-USDT SHORT cooling
2026-08-29T13:30:57 ORDER FAIL SLP-USDT SHORT cooling
2026-08-29T13:30:57 ORDER FAIL API3-USDT SHORT cooling
2026-08-29T13:30:57 ORDER FAIL ZEST-USDT SHORT cooling
2026-08-29T13:30:57 ORDER FAIL DATANETWORK-USDT SHORT cooling
2026-08-29T13:30:57 ORDER FAIL LAYER-USDT SHORT cooling
2026-08-29T13:30:57 ORDER FAIL H-USDT SHORT cooling
2026-08-29T13:30:57 ORDER FAIL IOTA-USDT SHORT cooling
2026-08-29T13:30:57 ORDER FAIL TERMMAX-USDT SHORT cooling
2026-08-29T13:30:57 ORDER FAIL DOT-USDT SHORT cooling
2026-08-29T13:30:57 ORDER FAIL SOLV-USDT SHORT cooling
2026-08-29T13:30:57 ORDER FAIL MELANIA-USDT SHORT cooling
2026-08-29T13:30:57 ORDER FAIL BAT-USDT SHORT cooling
2026-08-29T13:30:57 ORDER FAIL INIT-USDT SHORT cooling
2026-08-29T13:30:57 ORDER FAIL LUMIA-USDT SHORT cooling
2026-08-29T13:30:57 ORDER FAIL CHR-USDT SHORT cooling
2026-08-29T13:30:57 ORDER FAIL EGLD-USDT SHORT cooling
2026-08-29T13:30:57 ORDER FAIL C-USDT SHORT cooling
2026-08-29T13:30:57 ORDER FAIL ASTER-USDT SHORT cooling
2026-08-29T13:30:57 ORDER FAIL STX-USDT SHORT cooling
2026-08-29T13:30:57 ORDER FAIL ENJ-USDT SHORT cooling
2026-08-29T13:30:57 ORDER FAIL SKL-USDT SHORT cooling
2026-08-29T13:30:57 ORDER FAIL BCH-USDT SHORT cooling
2026-08-29T13:30:57 ORDER FAIL SYRUP-USDT SHORT cooling
2026-08-29T13:30:57 ORDER FAIL QNT-USDT SHORT cooling
2026-08-29T13:30:57 ORDER FAIL WOO-USDT SHORT cooling
2026-08-29T13:30:57 ORDER FAIL WET-USDT SHORT cooling
2026-08-29T13:30:57 ORDER FAIL IOST-USDT SHORT cooling
2026-08-29T13:30:57 ORDER FAIL POWR-USDT SHORT cooling
2026-08-29T13:30:57 ORDER FAIL MANA-USDT SHORT cooling
2026-08-29T13:30:57 ORDER FAIL MOVR-USDT SHORT cooling
2026-08-29T13:30:57 ORDER FAIL PIXEL-USDT SHORT cooling
2026-08-29T13:30:57 ORDER FAIL MANCER-USDT SHORT cooling
2026-08-29T13:30:57 ORDER FAIL EDGEX-USDT SHORT cooling
2026-08-29T13:30:57 ORDER FAIL ENA-USDT SHORT cooling
2026-08-29T13:30:57 ORDER FAIL AVAAI-USDT SHORT cooling
2026-08-29T13:30:57 ORDER FAIL YFI-USDT SHORT cooling
2026-08-29T13:30:57 ORDER FAIL KAT-USDT SHORT cooling
2026-08-29T13:30:57 ORDER FAIL ARX-USDT SHORT cooling
2026-08-29T13:30:57 ORDER FAIL REZ-USDT SHORT cooling
2026-08-29T13:30:57 ORDER FAIL AVA-USDT SHORT cooling
2026-08-29T13:30:57 ORDER FAIL BLUR-USDT SHORT cooling
2026-08-29T13:30:57 ORDER FAIL SAND-USDT SHORT cooling
2026-08-29T13:30:57 ORDER FAIL COMP-USDT SHORT cooling
2026-08-29T13:30:57 ORDER FAIL INJ-USDT SHORT cooling
2026-08-29T13:30:57 ORDER FAIL AAVE-USDT SHORT cooling
2026-08-29T13:30:57 ORDER FAIL ZEN-USDT SHORT cooling
2026-08-29T13:30:57 ORDER FAIL EPIC-USDT SHORT cooling
2026-08-29T13:30:57 ORDER FAIL METIS-USDT SHORT cooling
2026-08-29T13:30:57 ORDER FAIL NEO-USDT SHORT cooling
2026-08-29T13:30:57 ORDER FAIL CETUS-USDT SHORT cooling
2026-08-29T13:30:57 ORDER FAIL BILL-USDT SHORT cooling
2026-08-29T13:30:57 ORDER FAIL KAS-USDT SHORT cooling
2026-08-29T13:30:57 ORDER FAIL XAI-USDT SHORT cooling
2026-08-29T13:30:57 ORDER FAIL GMT-USDT SHORT cooling
2026-08-29T13:30:57 ORDER FAIL TRB-USDT SHORT cooling
2026-08-29T13:30:57 ORDER FAIL SOPH-USDT SHORT cooling
2026-08-29T13:30:57 ORDER FAIL RAY-USDT SHORT cooling
2026-08-29T13:30:57 ORDER FAIL THE-USDT SHORT cooling
2026-08-29T13:30:57 ORDER FAIL DYM-USDT SHORT cooling
2026-08-29T13:30:57 ORDER FAIL VANA-USDT SHORT cooling
2026-08-29T13:30:57 ORDER FAIL ALCH-USDT SHORT cooling
2026-08-29T13:30:57 ORDER FAIL SUI-USDT SHORT cooling
2026-08-29T13:30:57 ORDER FAIL POWER-USDT SHORT cooling
2026-08-29T13:30:57 ORDER FAIL KSM-USDT SHORT cooling
2026-08-29T13:30:57 ORDER FAIL OPENLEDGER-USDT SHORT cooling
2026-08-29T13:30:57 ORDER FAIL CYBER-USDT SHORT cooling
2026-08-29T13:30:57 ORDER FAIL TUT-USDT SHORT cooling
2026-08-29T13:30:57 ORDER FAIL LTC-USDT SHORT cooling
2026-08-29T13:30:57 ORDER FAIL FLOW-USDT SHORT cooling
2026-08-29T13:30:57 ORDER FAIL OP-USDT SHORT cooling
2026-08-29T13:30:57 ORDER FAIL SNX-USDT SHORT cooling
2026-08-29T13:30:57 ORDER FAIL SAPIEN-USDT SHORT cooling
2026-08-29T13:30:57 ORDER FAIL STG-USDT SHORT cooling
2026-08-29T13:30:57 ORDER FAIL B2-USDT SHORT cooling
2026-08-29T13:30:57 ORDER FAIL CLO-USDT SHORT cooling
2026-08-29T13:30:57 ORDER FAIL AVAX-USDT SHORT cooling
2026-08-29T13:30:57 ORDER FAIL PIEVERSE-USDT SHORT cooling
2026-08-29T13:30:57 ORDER FAIL BREV-USDT SHORT cooling
2026-08-29T13:30:57 ORDER FAIL TLM-USDT SHORT cooling
2026-08-29T13:30:57 ORDER FAIL SKR-USDT SHORT cooling
2026-08-29T13:30:57 ORDER FAIL WLFI-USDT SHORT cooling
2026-08-29T13:30:57 ORDER FAIL AMP-USDT SHORT cooling
2026-08-29T13:30:57 ORDER FAIL SWARMS-USDT SHORT cooling
2026-08-29T13:30:57 ORDER FAIL TOSHI-USDT SHORT cooling
2026-08-29T13:30:57 ORDER FAIL SAFE-USDT SHORT cooling
2026-08-29T13:30:57 ORDER FAIL AIA-USDT SHORT cooling
2026-08-29T13:30:57 ORDER FAIL NIULAI-USDT SHORT cooling
2026-08-29T13:30:57 ORDER FAIL CTK-USDT SHORT cooling
2026-08-29T13:30:57 ORDER FAIL DOGS-USDT SHORT cooling
2026-08-29T13:30:57 ORDER FAIL TREE-USDT SHORT cooling
2026-08-29T13:30:57 ORDER FAIL TOWNS-USDT SHORT cooling
2026-08-29T13:30:57 ORDER FAIL ROSE-USDT SHORT cooling
2026-08-29T13:30:57 ORDER FAIL MEW-USDT SHORT cooling
2026-08-29T13:30:57 ORDER FAIL BIGTIME-USDT SHORT cooling
2026-08-29T13:30:57 ORDER FAIL ZKC-USDT SHORT cooling
2026-08-29T13:30:57 ORDER FAIL LYN-USDT SHORT cooling
2026-08-29T13:30:57 ORDER FAIL LQTY-USDT SHORT cooling
2026-08-29T13:30:57 ORDER FAIL FLOKI-USDT SHORT cooling
2026-08-29T13:30:57 ORDER FAIL WIF-USDT SHORT cooling
2026-08-29T13:30:57 ORDER FAIL MTL-USDT SHORT cooling
2026-08-29T13:30:57 ORDER FAIL RON-USDT SHORT cooling
2026-08-29T13:30:57 ORDER FAIL FRAX-USDT SHORT cooling
2026-08-29T13:30:57 ORDER FAIL CFX-USDT SHORT cooling
2026-08-29T13:30:57 ORDER FAIL FIGHTID-USDT SHORT cooling
2026-08-29T13:30:57 ORDER FAIL HYPE-USDT SHORT cooling
2026-08-29T13:30:57 ORDER FAIL ETC-USDT SHORT cooling
2026-08-29T13:30:57 ORDER FAIL TNSR-USDT SHORT cooling
2026-08-29T13:30:57 ORDER FAIL BISCOTTI-USDT SHORT cooling
2026-08-29T13:30:57 ORDER FAIL XRP-USDT SHORT cooling
2026-08-29T13:30:57 ORDER FAIL LINK-USDT SHORT cooling
2026-08-29T13:30:57 ORDER FAIL SFP-USDT SHORT cooling
2026-08-29T13:30:57 ORDER FAIL POL-USDT SHORT cooling
2026-08-29T13:30:57 ORDER FAIL PROVE-USDT SHORT cooling
2026-08-29T13:30:57 ORDER FAIL IMX-USDT SHORT cooling
2026-08-29T13:30:57 ORDER FAIL ORCA-USDT SHORT cooling
2026-08-29T13:30:57 ORDER FAIL Q-USDT SHORT cooling
2026-08-29T13:30:57 ORDER FAIL NMR-USDT SHORT cooling
2026-08-29T13:30:57 ORDER FAIL STO-USDT SHORT cooling
2026-08-29T13:30:57 ORDER FAIL ID-USDT SHORT cooling
2026-08-29T13:30:57 ORDER FAIL ADA-USDT SHORT cooling
2026-08-29T13:30:57 ORDER FAIL COLLECT-USDT SHORT cooling
2026-08-29T13:30:57 ORDER FAIL FIL-USDT SHORT cooling
2026-08-29T13:30:57 ORDER FAIL AEONBSC-USDT SHORT cooling
2026-08-29T13:30:57 ORDER FAIL XNY-USDT SHORT cooling
2026-08-29T13:30:57 ORDER FAIL BAS-USDT SHORT cooling
2026-08-29T13:30:57 ORDER FAIL RVN-USDT SHORT cooling
2026-08-29T13:30:57 ORDER FAIL AZTEC-USDT SHORT cooling
2026-08-29T13:30:57 ORDER FAIL RLC-USDT SHORT cooling
2026-08-29T13:30:57 ORDER FAIL BASECAT-USDT SHORT cooling
2026-08-29T13:30:57 ORDER FAIL PUMPBTC-USDT SHORT cooling
2026-08-29T13:30:57 ORDER FAIL CHIP-USDT SHORT cooling
2026-08-29T13:30:57 ORDER FAIL M-USDT SHORT cooling
2026-08-29T13:30:57 ORDER FAIL TURBO-USDT SHORT cooling
2026-08-29T13:30:57 ORDER FAIL ALT-USDT SHORT cooling
2026-08-29T13:30:57 ORDER FAIL CROSS-USDT SHORT cooling
2026-08-29T13:30:57 ORDER FAIL MNT-USDT SHORT cooling
2026-08-29T13:30:57 ORDER FAIL ALGO-USDT SHORT cooling
2026-08-29T13:30:57 ORDER FAIL 1000BONK-USDT SHORT cooling
2026-08-29T13:30:57 ORDER FAIL LONGXIA-USDT SHORT cooling
2026-08-29T13:30:57 ORDER FAIL KITE-USDT SHORT cooling
2026-08-29T13:30:57 ORDER FAIL KNC-USDT SHORT cooling
2026-08-29T13:30:57 ORDER FAIL KOMA-USDT SHORT cooling
2026-08-29T13:30:57 ORDER FAIL LISTA-USDT SHORT cooling
2026-08-29T13:30:57 ORDER FAIL NES-USDT SHORT cooling
2026-08-29T13:30:57 ORDER FAIL YGG-USDT SHORT cooling
2026-08-29T13:30:57 ORDER FAIL TA-USDT SHORT cooling
2026-08-29T13:30:57 ORDER FAIL ZRO-USDT SHORT cooling
2026-08-29T13:30:57 ORDER FAIL SQD-USDT SHORT cooling
2026-08-29T13:30:57 ORDER FAIL RPL-USDT SHORT cooling
2026-08-29T13:30:57 ORDER FAIL PISTACIO-USDT SHORT cooling
2026-08-29T13:30:57 ORDER FAIL PIPEDOG-USDT SHORT cooling
2026-08-29T13:30:57 ORDER FAIL ORDI-USDT SHORT cooling
2026-08-29T13:30:57 ORDER FAIL ORDER-USDT SHORT cooling
2026-08-29T13:30:57 ORDER FAIL JUP-USDT SHORT cooling
2026-08-29T13:30:57 ORDER FAIL GENIUS-USDT SHORT cooling
2026-08-29T13:30:57 ORDER FAIL DEEP-USDT SHORT cooling
2026-08-29T13:30:57 ORDER FAIL CGPT-USDT SHORT cooling
2026-08-29T13:30:57 ORDER FAIL BTW-USDT SHORT cooling
2026-08-29T13:30:57 ORDER FAIL BERA-USDT SHORT cooling
2026-08-29T13:30:57 ORDER FAIL ATOM-USDT SHORT cooling
2026-08-29T13:30:57 ORDER FAIL ACH-USDT SHORT cooling
2026-08-29T13:30:57 ORDER FAIL ARPA-USDT SHORT cooling
2026-08-29T13:30:57 ORDER FAIL FIDA-USDT SHORT cooling
2026-08-29T13:30:57 ORDER FAIL BOME-USDT SHORT cooling
2026-08-29T13:30:57 ORDER FAIL GENSYN-USDT SHORT cooling
2026-08-29T13:30:57 ORDER FAIL PORTAL-USDT SHORT cooling
2026-08-29T13:30:57 ORDER FAIL RAVE-USDT SHORT cooling
2026-08-29T13:30:57 ORDER FAIL SPX-USDT SHORT cooling
2026-08-29T13:30:57 ORDER FAIL TRIA-USDT SHORT cooling
2026-08-29T13:30:57 ORDER FAIL DIA-USDT SHORT cooling
2026-08-29T13:30:57 ORDER FAIL APR-USDT SHORT cooling
2026-08-29T13:30:57 ORDER FAIL PRL-USDT SHORT cooling
2026-08-29T13:30:57 ORDER FAIL BSV-USDT SHORT cooling
2026-08-29T13:30:57 ORDER FAIL XAUT-USDT SHORT cooling
2026-08-29T13:30:57 ORDER FAIL UMA-USDT SHORT cooling
2026-08-29T13:30:57 ORDER FAIL IDOL-USDT SHORT cooling
2026-08-29T13:30:57 ORDER FAIL SKY-USDT SHORT cooling
2026-08-29T13:30:57 ORDER FAIL SKYAI-USDT SHORT cooling
2026-08-29T13:30:57 ORDER FAIL ARK-USDT SHORT cooling
2026-08-29T13:30:57 ORDER FAIL PENGU-USDT SHORT cooling
2026-08-29T13:30:57 ORDER FAIL FOGO-USDT SHORT cooling
2026-08-29T13:30:57 ORDER FAIL FLUID-USDT SHORT cooling
2026-08-29T13:30:57 ORDER FAIL CLANKER-USDT SHORT cooling
2026-08-29T13:30:57 ORDER FAIL APT-USDT SHORT cooling
2026-08-29T13:30:57 ORDER FAIL OPN-USDT SHORT cooling
2026-08-29T13:30:57 ORDER FAIL HBAR-USDT SHORT cooling
2026-08-29T13:30:57 ORDER FAIL G-USDT SHORT cooling
2026-08-29T13:30:57 ORDER FAIL RE-USDT SHORT cooling
2026-08-29T13:30:57 ORDER FAIL GWEI-USDT SHORT cooling
2026-08-29T13:30:57 ORDER FAIL MIRANETWORK-USDT SHORT cooling
2026-08-29T13:30:57 ORDER FAIL HEMI-USDT SHORT cooling
2026-08-29T13:30:57 ORDER FAIL UNI-USDT SHORT cooling
2026-08-29T13:30:57 ORDER FAIL PARTI-USDT SHORT cooling
2026-08-29T13:30:57 ORDER FAIL FOLKS-USDT SHORT cooling
2026-08-29T13:30:57 ORDER FAIL ZAMA-USDT SHORT cooling
2026-08-29T13:30:57 ORDER FAIL ACT-USDT SHORT cooling
2026-08-29T13:30:57 ORDER FAIL BEAT-USDT SHORT cooling
2026-08-29T13:30:57 ORDER FAIL TAC-USDT LONG cooling
2026-08-29T13:30:57 ORDER FAIL PROM-USDT LONG cooling
2026-08-29T13:30:57 ORDER FAIL CATE-USDT LONG cooling
2026-08-29T13:30:57 ORDER FAIL CASHCAT-USDT LONG cooling
2026-08-29T13:30:57 ORDER FAIL SIREN-USDT LONG cooling
2026-08-29T13:30:57 ORDER FAIL BROCCOLI-USDT LONG cooling
2026-08-29T13:30:57 ORDER FAIL OPG-USDT LONG cooling
2026-08-29T13:30:57 ORDER FAIL STBL-USDT LONG cooling
2026-08-29T13:30:57 ORDER FAIL USELESS-USDT LONG cooling
2026-08-29T13:30:57 ORDER FAIL CUPSEY-USDT LONG cooling
2026-08-29T13:30:57 ORDER FAIL XAN-USDT LONG cooling
2026-08-29T13:30:57 ORDER FAIL COOKIE-USDT LONG cooling
2026-08-29T13:30:57 ORDER FAIL FLUX-USDT LONG cooling
2026-08-29T13:30:57 ORDER FAIL ZKP-USDT LONG cooling
2026-08-29T13:30:57 ORDER FAIL CHILLGUY-USDT LONG cooling
2026-08-29T13:30:57 ORDER FAIL GIGGLE-USDT LONG cooling
2026-08-29T13:30:57 ORDER FAIL SPK-USDT LONG cooling
2026-08-29T13:30:57 ORDER FAIL BITLIGHT-USDT LONG cooling
2026-08-29T13:30:57 ORDER FAIL TWT-USDT LONG cooling
2026-08-29T13:30:57 ORDER FAIL BANANAS31-USDT LONG cooling
2026-08-29T13:30:57 ORDER FAIL ZEC-USDT LONG cooling
2026-08-29T13:30:57 ORDER FAIL MINA-USDT LONG cooling
2026-08-29T13:30:57 ORDER FAIL GMX-USDT LONG cooling
2026-08-29T13:30:57 ORDER FAIL EDU-USDT LONG cooling
2026-08-29T13:30:57 ORDER FAIL EIGEN-USDT LONG cooling
2026-08-29T13:30:57 ORDER FAIL MMT-USDT LONG cooling
2026-08-29T13:30:57 ORDER FAIL HOME-USDT LONG cooling
2026-08-29T13:30:57 ORDER FAIL BIO-USDT LONG cooling
2026-08-29T13:30:57 ORDER FAIL ROBO-USDT LONG cooling
2026-08-29T13:30:57 ORDER FAIL ALLO-USDT LONG cooling
2026-08-29T13:30:57 ORDER FAIL BANK-USDT LONG cooling
2026-08-29T13:30:57 ORDER FAIL PNUT-USDT LONG cooling
2026-08-29T13:30:57 ORDER FAIL XPL-USDT LONG cooling
2026-08-29T13:30:57 ORDER FAIL ONG-USDT LONG cooling
2026-08-29T13:30:57 ORDER FAIL FARTCOIN-USDT LONG cooling
2026-08-29T13:30:57 ORDER FAIL CAP-USDT LONG cooling
2026-08-29T13:30:57 ORDER FAIL CRO-USDT LONG cooling
2026-08-29T13:30:57 ORDER FAIL SPACECOIN-USDT LONG cooling
2026-08-29T13:30:57 ORDER FAIL PI-USDT LONG cooling
2026-08-29T13:30:57 ORDER FAIL KAITO-USDT LONG cooling
2026-08-29T13:30:57 ORDER FAIL MASK-USDT LONG cooling
2026-08-29T13:30:57 ORDER FAIL NIL-USDT LONG cooling
2026-08-29T13:30:57 ORDER FAIL ON-USDT LONG cooling
2026-08-29T13:30:57 ORDER FAIL IRYS-USDT LONG cooling
2026-08-29T13:30:57 ORDER FAIL DOLO-USDT LONG cooling
2026-08-29T13:30:57 ORDER FAIL ATH-USDT LONG cooling
2026-08-29T13:30:57 ORDER FAIL CORE-USDT LONG cooling
2026-08-29T13:30:57 ORDER FAIL VIRTUAL-USDT LONG cooling
2026-08-29T13:30:57 ORDER FAIL CFG-USDT LONG cooling
2026-08-29T13:30:57 ORDER FAIL SLX-USDT LONG cooling
2026-08-29T13:30:57 ORDER FAIL CARV-USDT LONG cooling
2026-08-29T13:30:57 ORDER FAIL RUNE-USDT LONG cooling
2026-08-29T13:30:57 ORDER FAIL WOTAMALAILE-USDT LONG cooling
2026-08-29T13:30:57 ORDER FAIL WAVES-USDT LONG cooling
2026-08-29T13:30:57 ORDER FAIL BSB-USDT LONG cooling
2026-08-29T13:30:57 ORDER FAIL VELVET-USDT LONG cooling
2026-08-29T13:30:57 ORDER FAIL ONE-USDT LONG cooling
2026-08-29T13:30:57 ORDER FAIL AIOT-USDT LONG cooling
2026-08-29T13:30:57 ORDER FAIL AIXBT-USDT LONG cooling
2026-08-29T13:30:57 ORDER FAIL ARIA-USDT LONG cooling
2026-08-29T13:30:57 ORDER FAIL KGEN-USDT LONG cooling
2026-08-29T13:30:57 ORDER FAIL CYS-USDT LONG cooling
2026-08-29T13:30:57 ORDER FAIL ENS-USDT LONG cooling
2026-08-29T13:30:57 ORDER FAIL VVV-USDT LONG cooling
2026-08-29T13:30:57 ORDER FAIL CC-USDT LONG cooling
2026-08-29T13:30:57 ORDER FAIL ZK-USDT LONG cooling
2026-08-29T13:30:57 ORDER FAIL TURTLE-USDT LONG cooling
2026-08-29T13:30:57 ORDER FAIL AXS-USDT LONG cooling
2026-08-29T13:30:57 ORDER FAIL JIMOTHY-USDT LONG cooling
2026-08-29T13:30:57 ORDER FAIL RATS-USDT LONG cooling
2026-08-29T13:30:57 ORDER FAIL ETHFI-USDT LONG cooling
2026-08-29T13:30:57 ORDER FAIL AGI-USDT LONG cooling
2026-08-29T13:30:57 ORDER FAIL TRUTH-USDT LONG cooling
2026-08-29T13:30:57 ORDER FAIL PUMP-USDT LONG cooling
2026-08-29T13:30:57 ORDER FAIL LA-USDT LONG cooling
2026-08-29T13:30:57 ORDER FAIL POPCAT-USDT LONG cooling
2026-08-29T13:30:57 ORDER FAIL PIPPIN-USDT LONG cooling
2026-08-29T13:30:57 ORDER FAIL OKB-USDT LONG cooling
2026-08-29T13:30:57 ORDER FAIL RIVER-USDT LONG cooling
2026-08-29T13:30:57 ORDER FAIL ARC-USDT LONG cooling
2026-08-29T13:30:57 ORDER FAIL ESPORTS-USDT LONG cooling
2026-08-29T13:30:57 ORDER FAIL GRASS-USDT LONG cooling
2026-08-29T13:30:57 ORDER FAIL GUA-USDT LONG cooling
2026-08-29T13:30:57 ORDER FAIL FET-USDT LONG cooling
2026-08-29T13:30:57 ORDER FAIL TAKE-USDT LONG cooling
2026-08-29T13:30:57 ORDER FAIL HANA-USDT LONG cooling
2026-08-29T13:30:57 ORDER FAIL EUL-USDT LONG cooling
2026-08-29T13:30:57 ORDER FAIL INX-USDT LONG cooling
2026-08-29T13:30:57 ORDER FAIL LDO-USDT LONG cooling
2026-08-29T13:30:57 ORDER FAIL COTI-USDT LONG cooling
2026-08-29T13:30:57 ORDER FAIL OG-USDT LONG cooling
2026-08-29T13:30:57 ORDER FAIL GEOD-USDT LONG cooling
2026-08-29T13:30:57 ORDER FAIL LUNA-USDT LONG cooling
2026-08-29T13:30:57 ORDER FAIL ONT-USDT LONG cooling
2026-08-29T13:30:57 ORDER FAIL XLM-USDT LONG cooling
2026-08-29T13:30:57 ORDER FAIL CATI-USDT LONG cooling
2026-08-29T13:30:57 ORDER FAIL BNLIFE-USDT LONG cooling
2026-08-29T13:30:57 ORDER FAIL O-USDT LONG cooling
2026-08-29T13:30:57 ORDER FAIL AERO-USDT LONG cooling
2026-08-29T13:30:57 ORDER FAIL AGT-USDT LONG cooling
2026-08-29T13:30:57 ORDER FAIL 1INCH-USDT LONG cooling
2026-08-29T13:30:57 ORDER FAIL AKE-USDT LONG cooling
2026-08-29T13:30:57 ORDER FAIL PROMPT-USDT LONG cooling
2026-08-29T13:30:57 ORDER FAIL MANTA-USDT LONG cooling
2026-08-29T13:30:57 ORDER FAIL GUN-USDT LONG cooling
2026-08-29T13:30:57 ORDER FAIL 4-USDT LONG cooling
2026-08-29T13:30:57 ORDER FAIL CZ-USDT LONG cooling
2026-08-29T13:30:57 ORDER FAIL LIGHTER-USDT LONG cooling
2026-08-29T13:30:57 ORDER FAIL HUMA-USDT LONG cooling
2026-08-29T13:30:57 ORDER FAIL AGLD-USDT LONG cooling
2026-08-29T13:30:57 ORDER FAIL 10000NEX-USDT LONG cooling
2026-08-29T13:30:57 ORDER FAIL PLUME-USDT LONG cooling
2026-08-29T13:30:57 ORDER FAIL ICNT-USDT LONG cooling
2026-08-29T13:30:57 ORDER FAIL AIO-USDT LONG cooling
2026-08-29T13:30:57 ORDER FAIL KAVA-USDT LONG cooling
2026-08-29T13:30:57 ORDER FAIL EVAA-USDT LONG cooling
2026-08-29T13:30:57 ORDER FAIL KAIA-USDT LONG cooling
2026-08-29T13:30:57 ORDER FAIL RENDER-USDT LONG cooling
2026-08-29T13:30:57 ORDER FAIL DGAI-USDT LONG cooling
2026-08-29T13:30:57 ORDER FAIL ZEREBRO-USDT LONG cooling
2026-08-29T13:30:57 ORDER FAIL SXT-USDT LONG cooling
2026-08-29T13:30:57 ORDER FAIL STAR-USDT LONG cooling
2026-08-29T13:30:57 ORDER FAIL SENT-USDT LONG cooling
2026-08-29T13:30:57 ORDER FAIL RECALL-USDT LONG cooling
2026-08-29T13:30:57 ORDER FAIL PURR-USDT LONG cooling
2026-08-29T13:30:57 ORDER FAIL NXPC-USDT LONG cooling
2026-08-29T13:30:57 ORDER FAIL MONAD-USDT LONG cooling
2026-08-29T13:30:57 ORDER FAIL KERNEL-USDT LONG cooling
2026-08-29T13:30:57 ORDER FAIL IO-USDT LONG cooling
2026-08-29T13:30:57 ORDER FAIL HYPERLANE-USDT LONG cooling
2026-08-29T13:30:57 ORDER FAIL GRVT-USDT LONG cooling
2026-08-29T13:30:57 ORDER FAIL FOLD-USDT LONG cooling
2026-08-29T13:30:57 ORDER FAIL FLOCK-USDT LONG cooling
2026-08-29T13:30:57 ORDER FAIL FF-USDT LONG cooling
2026-08-29T13:30:57 ORDER FAIL B-USDT LONG cooling
2026-08-29T13:30:57 ORDER FAIL AT-USDT LONG cooling
2026-08-29T13:30:57 ORDER FAIL 1000SHIB-USDT LONG cooling
2026-08-29T13:30:57 ORDER FAIL ARB-USDT LONG cooling
2026-08-29T13:30:57 ORDER FAIL MUBARAK-USDT LONG cooling
2026-08-29T13:30:57 ORDER FAIL GRAMTON-USDT LONG cooling
2026-08-29T13:30:57 ORDER FAIL AWE-USDT LONG cooling
2026-08-29T13:30:57 ORDER FAIL TST-USDT LONG cooling
2026-08-29T13:30:57 ORDER FAIL MERL-USDT LONG cooling
2026-08-29T13:30:57 ORDER FAIL 1000CHEEMS-USDT LONG cooling
2026-08-29T13:30:57 ORDER FAIL F-USDT LONG cooling
2026-08-29T13:30:57 ORDER FAIL BLESS-USDT LONG cooling
2026-08-29T13:30:57 ORDER FAIL JTO-USDT LONG cooling
2026-08-29T13:30:57 ORDER FAIL VELODROME-USDT LONG cooling
2026-08-29T13:30:57 ORDER FAIL NIGHT-USDT LONG cooling
2026-08-29T13:30:57 ORDER FAIL SPORTFUN-USDT LONG cooling
2026-08-29T13:30:57 ORDER FAIL US-USDT SHORT cooling
2026-08-29T13:30:57 ORDER FAIL KII-USDT SHORT cooling
2026-08-29T13:30:57 ORDER FAIL MAGMA-USDT SHORT cooling
2026-08-29T13:30:57 ORDER FAIL AKT-USDT SHORT cooling
2026-08-29T13:30:57 ORDER FAIL NAORIS-USDT SHORT cooling
2026-08-29T13:30:57 ORDER FAIL SOMI-USDT SHORT cooling
2026-08-29T13:30:57 ORDER FAIL SOON-USDT SHORT cooling
2026-08-29T13:30:57 ORDER FAIL SUPER-USDT SHORT cooling
2026-08-29T13:30:57 ORDER FAIL SIGN-USDT SHORT cooling
2026-08-29T13:30:57 ORDER FAIL RIF-USDT SHORT cooling
2026-08-29T13:30:57 ORDER FAIL OFC-USDT SHORT cooling
2026-08-29T13:30:57 ORDER FAIL MOODENG-USDT SHORT cooling
2026-08-29T13:30:57 ORDER FAIL SUN-USDT SHORT cooling
2026-08-29T13:30:57 ORDER FAIL GLM-USDT SHORT cooling
2026-08-29T13:30:57 ORDER FAIL ESP-USDT SHORT cooling
2026-08-29T13:30:57 ORDER FAIL ZRX-USDT SHORT cooling
2026-08-29T13:30:57 ORDER FAIL QTUM-USDT SHORT cooling
2026-08-29T13:30:57 ORDER FAIL PENDLE-USDT SHORT cooling
2026-08-29T13:30:57 ORDER FAIL TAIKO-USDT SHORT cooling
2026-08-29T13:30:57 ORDER FAIL BB-USDT SHORT cooling
2026-08-29T13:30:57 ORDER FAIL ANSEM-USDT SHORT cooling
2026-08-29T13:30:57 ORDER FAIL BTC-USDT SHORT cooling
2026-08-29T13:30:57 ORDER FAIL LSK-USDT SHORT cooling
2026-08-29T13:30:57 ORDER FAIL POLYX-USDT SHORT cooling
2026-08-29T13:30:57 ORDER FAIL PHA-USDT SHORT cooling
2026-08-29T13:30:57 ORDER FAIL SAHARA-USDT SHORT cooling
2026-08-29T13:30:57 ORDER FAIL FONE-USDT SHORT cooling
2026-08-29T13:30:57 ORDER FAIL WAL-USDT SHORT cooling
2026-08-29T13:30:57 ORDER FAIL ACU-USDT SHORT cooling
2026-08-29T13:30:57 ORDER FAIL A-USDT SHORT cooling
2026-08-29T13:30:57 ORDER FAIL IN-USDT SHORT cooling
2026-08-29T13:30:57 ORDER FAIL VET-USDT SHORT cooling
2026-08-29T13:30:57 ORDER FAIL MAV-USDT SHORT cooling
2026-08-29T13:30:57 ORDER FAIL ANKR-USDT SHORT cooling
2026-08-29T13:30:57 ORDER FAIL SYN-USDT SHORT cooling
2026-08-29T13:30:57 ORDER FAIL RARE-USDT SHORT cooling
2026-08-29T13:30:57 ORDER FAIL SUSHI-USDT SHORT cooling
2026-08-29T13:30:57 ORDER FAIL AXL-USDT SHORT cooling
2026-08-29T13:30:57 ORDER FAIL RSR-USDT SHORT cooling
2026-08-29T13:30:57 ORDER FAIL BIRB-USDT SHORT cooling
2026-08-29T13:30:57 ORDER FAIL ME-USDT SHORT cooling
2026-08-29T13:30:57 ORDER FAIL ALIGN-USDT SHORT cooling
2026-08-29T13:30:57 ORDER FAIL PEOPLE-USDT SHORT cooling
2026-08-29T13:30:57 ORDER FAIL IOTX-USDT SHORT cooling
2026-08-29T13:30:57 ORDER FAIL XMR-USDT SHORT cooling
2026-08-29T13:30:57 ORDER FAIL AIN-USDT SHORT cooling
2026-08-29T13:30:57 ORDER FAIL METEORA-USDT SHORT cooling
2026-08-29T13:30:57 ORDER FAIL MAGIC-USDT SHORT cooling
2026-08-29T13:30:57 ORDER FAIL S-USDT SHORT cooling
2026-08-29T13:30:57 ORDER FAIL APEX-USDT SHORT cooling
2026-08-29T13:30:57 ORDER FAIL ALPINE-USDT SHORT cooling
2026-08-29T13:30:57 ORDER FAIL HEI-USDT SHORT cooling
2026-08-29T13:30:57 ORDER FAIL CKB-USDT SHORT cooling
2026-08-29T13:30:57 ORDER FAIL AR-USDT SHORT cooling
2026-08-29T13:30:57 ORDER FAIL STEEM-USDT SHORT cooling
2026-08-29T13:30:57 ORDER FAIL ASTR-USDT SHORT cooling
2026-08-29T13:30:57 ORDER FAIL GRT-USDT SHORT cooling
2026-08-29T13:30:57 ORDER FAIL WCT-USDT SHORT cooling
2026-08-29T13:30:57 ORDER FAIL W-USDT SHORT cooling
2026-08-29T13:30:57 ORDER FAIL SLP-USDT SHORT cooling
2026-08-29T13:30:57 ORDER FAIL API3-USDT SHORT cooling
2026-08-29T13:30:57 ORDER FAIL ZEST-USDT SHORT cooling
2026-08-29T13:30:57 ORDER FAIL DATANETWORK-USDT SHORT cooling
2026-08-29T13:30:57 ORDER FAIL LAYER-USDT SHORT cooling
2026-08-29T13:30:57 ORDER FAIL H-USDT SHORT cooling
2026-08-29T13:30:57 ORDER FAIL IOTA-USDT SHORT cooling
2026-08-29T13:30:57 ORDER FAIL TERMMAX-USDT SHORT cooling
2026-08-29T13:30:57 ORDER FAIL DOT-USDT SHORT cooling
2026-08-29T13:30:57 ORDER FAIL SOLV-USDT SHORT cooling
2026-08-29T13:30:57 ORDER FAIL MELANIA-USDT SHORT cooling
2026-08-29T13:30:57 ORDER FAIL BAT-USDT SHORT cooling
2026-08-29T13:30:57 ORDER FAIL INIT-USDT SHORT cooling
2026-08-29T13:30:57 ORDER FAIL LUMIA-USDT SHORT cooling
2026-08-29T13:30:57 ORDER FAIL CHR-USDT SHORT cooling
2026-08-29T13:30:57 ORDER FAIL EGLD-USDT SHORT cooling
2026-08-29T13:30:57 ORDER FAIL C-USDT SHORT cooling
2026-08-29T13:30:57 ORDER FAIL ASTER-USDT SHORT cooling
2026-08-29T13:30:57 ORDER FAIL STX-USDT SHORT cooling
2026-08-29T13:30:57 ORDER FAIL ENJ-USDT SHORT cooling
2026-08-29T13:30:57 ORDER FAIL SKL-USDT SHORT cooling
2026-08-29T13:30:57 ORDER FAIL BCH-USDT SHORT cooling
2026-08-29T13:30:57 ORDER FAIL SYRUP-USDT SHORT cooling
2026-08-29T13:30:57 ORDER FAIL QNT-USDT SHORT cooling
2026-08-29T13:30:57 ORDER FAIL WOO-USDT SHORT cooling
2026-08-29T13:30:57 ORDER FAIL WET-USDT SHORT cooling
2026-08-29T13:30:57 ORDER FAIL IOST-USDT SHORT cooling
2026-08-29T13:30:57 ORDER FAIL POWR-USDT SHORT cooling
2026-08-29T13:30:57 ORDER FAIL MANA-USDT SHORT cooling
2026-08-29T13:30:57 ORDER FAIL MOVR-USDT SHORT cooling
2026-08-29T13:30:57 ORDER FAIL PIXEL-USDT SHORT cooling
2026-08-29T13:30:57 ORDER FAIL MANCER-USDT SHORT cooling
2026-08-29T13:30:57 ORDER FAIL EDGEX-USDT SHORT cooling
2026-08-29T13:30:57 ORDER FAIL ENA-USDT SHORT cooling
2026-08-29T13:30:57 ORDER FAIL AVAAI-USDT SHORT cooling
2026-08-29T13:30:57 ORDER FAIL YFI-USDT SHORT cooling
2026-08-29T13:30:57 ORDER FAIL KAT-USDT SHORT cooling
2026-08-29T13:30:57 ORDER FAIL ARX-USDT SHORT cooling
2026-08-29T13:30:57 ORDER FAIL REZ-USDT SHORT cooling
2026-08-29T13:30:57 ORDER FAIL AVA-USDT SHORT cooling
2026-08-29T13:30:57 ORDER FAIL BLUR-USDT SHORT cooling
2026-08-29T13:30:57 ORDER FAIL SAND-USDT SHORT cooling
2026-08-29T13:30:57 ORDER FAIL COMP-USDT SHORT cooling
2026-08-29T13:30:57 ORDER FAIL INJ-USDT SHORT cooling
2026-08-29T13:30:57 ORDER FAIL AAVE-USDT SHORT cooling
2026-08-29T13:30:57 ORDER FAIL ZEN-USDT SHORT cooling
2026-08-29T13:30:57 ORDER FAIL EPIC-USDT SHORT cooling
2026-08-29T13:30:57 ORDER FAIL METIS-USDT SHORT cooling
2026-08-29T13:30:57 ORDER FAIL NEO-USDT SHORT cooling
2026-08-29T13:30:57 ORDER FAIL CETUS-USDT SHORT cooling
2026-08-29T13:30:57 ORDER FAIL BILL-USDT SHORT cooling
2026-08-29T13:30:57 ORDER FAIL KAS-USDT SHORT cooling
2026-08-29T13:30:57 ORDER FAIL XAI-USDT SHORT cooling
2026-08-29T13:30:57 ORDER FAIL GMT-USDT SHORT cooling
2026-08-29T13:30:57 ORDER FAIL TRB-USDT SHORT cooling
2026-08-29T13:30:57 ORDER FAIL SOPH-USDT SHORT cooling
2026-08-29T13:30:57 ORDER FAIL RAY-USDT SHORT cooling
2026-08-29T13:30:57 ORDER FAIL THE-USDT SHORT cooling
2026-08-29T13:30:57 ORDER FAIL DYM-USDT SHORT cooling
2026-08-29T13:30:57 ORDER FAIL VANA-USDT SHORT cooling
2026-08-29T13:30:57 ORDER FAIL ALCH-USDT SHORT cooling
2026-08-29T13:30:57 ORDER FAIL SUI-USDT SHORT cooling
2026-08-29T13:30:57 ORDER FAIL POWER-USDT SHORT cooling
2026-08-29T13:30:57 ORDER FAIL KSM-USDT SHORT cooling
2026-08-29T13:30:57 ORDER FAIL OPENLEDGER-USDT SHORT cooling
2026-08-29T13:30:57 ORDER FAIL CYBER-USDT SHORT cooling
2026-08-29T13:30:57 ORDER FAIL TUT-USDT SHORT cooling
2026-08-29T13:30:57 ORDER FAIL LTC-USDT SHORT cooling
2026-08-29T13:30:57 ORDER FAIL FLOW-USDT SHORT cooling
2026-08-29T13:30:57 ORDER FAIL OP-USDT SHORT cooling
2026-08-29T13:30:57 ORDER FAIL SNX-USDT SHORT cooling
2026-08-29T13:30:57 ORDER FAIL SAPIEN-USDT SHORT cooling
2026-08-29T13:30:57 ORDER FAIL STG-USDT SHORT cooling
2026-08-29T13:30:57 ORDER FAIL B2-USDT SHORT cooling
2026-08-29T13:30:57 ORDER FAIL CLO-USDT SHORT cooling
2026-08-29T13:30:57 ORDER FAIL AVAX-USDT SHORT cooling
2026-08-29T13:30:57 ORDER FAIL PIEVERSE-USDT SHORT cooling
2026-08-29T13:30:57 ORDER FAIL BREV-USDT SHORT cooling
2026-08-29T13:30:57 ORDER FAIL TLM-USDT SHORT cooling
2026-08-29T13:30:57 ORDER FAIL SKR-USDT SHORT cooling
2026-08-29T13:30:57 ORDER FAIL WLFI-USDT SHORT cooling
2026-08-29T13:30:57 ORDER FAIL AMP-USDT SHORT cooling
2026-08-29T13:30:57 ORDER FAIL SWARMS-USDT SHORT cooling
2026-08-29T13:30:57 ORDER FAIL TOSHI-USDT SHORT cooling
2026-08-29T13:30:57 ORDER FAIL SAFE-USDT SHORT cooling
2026-08-29T13:30:57 ORDER FAIL AIA-USDT SHORT cooling
2026-08-29T13:30:57 ORDER FAIL NIULAI-USDT SHORT cooling
2026-08-29T13:30:57 ORDER FAIL CTK-USDT SHORT cooling
2026-08-29T13:30:57 ORDER FAIL DOGS-USDT SHORT cooling
2026-08-29T13:30:57 ORDER FAIL TREE-USDT SHORT cooling
2026-08-29T13:30:57 ORDER FAIL TOWNS-USDT SHORT cooling
2026-08-29T13:30:57 ORDER FAIL ROSE-USDT SHORT cooling
2026-08-29T13:30:57 ORDER FAIL MEW-USDT SHORT cooling
2026-08-29T13:30:57 ORDER FAIL BIGTIME-USDT SHORT cooling
2026-08-29T13:30:57 ORDER FAIL ZKC-USDT SHORT cooling
2026-08-29T13:30:57 ORDER FAIL LYN-USDT SHORT cooling
2026-08-29T13:30:57 ORDER FAIL LQTY-USDT SHORT cooling
2026-08-29T13:30:57 ORDER FAIL FLOKI-USDT SHORT cooling
2026-08-29T13:30:57 ORDER FAIL WIF-USDT SHORT cooling
2026-08-29T13:30:57 ORDER FAIL MTL-USDT SHORT cooling
2026-08-29T13:30:57 ORDER FAIL RON-USDT SHORT cooling
2026-08-29T13:30:57 ORDER FAIL FRAX-USDT SHORT cooling
2026-08-29T13:30:57 ORDER FAIL CFX-USDT SHORT cooling
2026-08-29T13:30:57 ORDER FAIL FIGHTID-USDT SHORT cooling
2026-08-29T13:30:57 ORDER FAIL HYPE-USDT SHORT cooling
2026-08-29T13:30:57 ORDER FAIL ETC-USDT SHORT cooling
2026-08-29T13:30:57 ORDER FAIL TNSR-USDT SHORT cooling
2026-08-29T13:30:57 ORDER FAIL BISCOTTI-USDT SHORT cooling
2026-08-29T13:30:57 ORDER FAIL XRP-USDT SHORT cooling
2026-08-29T13:30:57 ORDER FAIL LINK-USDT SHORT cooling
2026-08-29T13:30:57 ORDER FAIL SFP-USDT SHORT cooling
2026-08-29T13:30:57 ORDER FAIL POL-USDT SHORT cooling
2026-08-29T13:30:57 ORDER FAIL PROVE-USDT SHORT cooling
2026-08-29T13:30:57 ORDER FAIL IMX-USDT SHORT cooling
2026-08-29T13:30:57 ORDER FAIL ORCA-USDT SHORT cooling
2026-08-29T13:30:57 ORDER FAIL Q-USDT SHORT cooling
2026-08-29T13:30:57 ORDER FAIL NMR-USDT SHORT cooling
2026-08-29T13:30:57 ORDER FAIL STO-USDT SHORT cooling
2026-08-29T13:30:57 ORDER FAIL ID-USDT SHORT cooling
2026-08-29T13:30:57 ORDER FAIL ADA-USDT SHORT cooling
2026-08-29T13:30:57 ORDER FAIL COLLECT-USDT SHORT cooling
2026-08-29T13:30:57 ORDER FAIL FIL-USDT SHORT cooling
2026-08-29T13:30:57 ORDER FAIL AEONBSC-USDT SHORT cooling
2026-08-29T13:30:57 ORDER FAIL XNY-USDT SHORT cooling
2026-08-29T13:30:57 ORDER FAIL BAS-USDT SHORT cooling
2026-08-29T13:30:57 ORDER FAIL RVN-USDT SHORT cooling
2026-08-29T13:30:57 ORDER FAIL AZTEC-USDT SHORT cooling
2026-08-29T13:30:57 ORDER FAIL RLC-USDT SHORT cooling
2026-08-29T13:30:57 ORDER FAIL BASECAT-USDT SHORT cooling
2026-08-29T13:30:57 ORDER FAIL PUMPBTC-USDT SHORT cooling
2026-08-29T13:30:57 ORDER FAIL CHIP-USDT SHORT cooling
2026-08-29T13:30:57 ORDER FAIL M-USDT SHORT cooling
2026-08-29T13:30:57 ORDER FAIL TURBO-USDT SHORT cooling
2026-08-29T13:30:57 ORDER FAIL ALT-USDT SHORT cooling
2026-08-29T13:30:57 ORDER FAIL CROSS-USDT SHORT cooling
2026-08-29T13:30:57 ORDER FAIL MNT-USDT SHORT cooling
2026-08-29T13:30:57 ORDER FAIL ALGO-USDT SHORT cooling
2026-08-29T13:30:57 ORDER FAIL 1000BONK-USDT SHORT cooling
2026-08-29T13:30:57 ORDER FAIL LONGXIA-USDT SHORT cooling
2026-08-29T13:30:57 ORDER FAIL KITE-USDT SHORT cooling
2026-08-29T13:30:57 ORDER FAIL KNC-USDT SHORT cooling
2026-08-29T13:30:57 ORDER FAIL KOMA-USDT SHORT cooling
2026-08-29T13:30:57 ORDER FAIL LISTA-USDT SHORT cooling
2026-08-29T13:30:57 ORDER FAIL NES-USDT SHORT cooling
2026-08-29T13:30:57 ORDER FAIL YGG-USDT SHORT cooling
2026-08-29T13:30:57 ORDER FAIL TA-USDT SHORT cooling
2026-08-29T13:30:57 ORDER FAIL ZRO-USDT SHORT cooling
2026-08-29T13:30:57 ORDER FAIL SQD-USDT SHORT cooling
2026-08-29T13:30:57 ORDER FAIL RPL-USDT SHORT cooling
2026-08-29T13:30:57 ORDER FAIL PISTACIO-USDT SHORT cooling
2026-08-29T13:30:57 ORDER FAIL PIPEDOG-USDT SHORT cooling
2026-08-29T13:30:57 ORDER FAIL ORDI-USDT SHORT cooling
2026-08-29T13:30:57 ORDER FAIL ORDER-USDT SHORT cooling
2026-08-29T13:30:57 ORDER FAIL JUP-USDT SHORT cooling
2026-08-29T13:30:57 ORDER FAIL GENIUS-USDT SHORT cooling
2026-08-29T13:30:57 ORDER FAIL DEEP-USDT SHORT cooling
2026-08-29T13:30:57 ORDER FAIL CGPT-USDT SHORT cooling
2026-08-29T13:30:57 ORDER FAIL BTW-USDT SHORT cooling
2026-08-29T13:30:57 ORDER FAIL BERA-USDT SHORT cooling
2026-08-29T13:30:57 ORDER FAIL ATOM-USDT SHORT cooling
2026-08-29T13:30:57 ORDER FAIL ACH-USDT SHORT cooling
2026-08-29T13:30:57 ORDER FAIL ARPA-USDT SHORT cooling
2026-08-29T13:30:57 ORDER FAIL FIDA-USDT SHORT cooling
2026-08-29T13:30:57 ORDER FAIL BOME-USDT SHORT cooling
2026-08-29T13:30:57 ORDER FAIL GENSYN-USDT SHORT cooling
2026-08-29T13:30:57 ORDER FAIL PORTAL-USDT SHORT cooling
2026-08-29T13:30:57 ORDER FAIL RAVE-USDT SHORT cooling
2026-08-29T13:30:57 ORDER FAIL SPX-USDT SHORT cooling
2026-08-29T13:30:57 ORDER FAIL TRIA-USDT SHORT cooling
2026-08-29T13:30:57 ORDER FAIL DIA-USDT SHORT cooling
2026-08-29T13:30:57 ORDER FAIL APR-USDT SHORT cooling
2026-08-29T13:30:57 ORDER FAIL PRL-USDT SHORT cooling
2026-08-29T13:30:57 ORDER FAIL BSV-USDT SHORT cooling
2026-08-29T13:30:57 ORDER FAIL XAUT-USDT SHORT cooling
2026-08-29T13:30:57 ORDER FAIL UMA-USDT SHORT cooling
2026-08-29T13:30:57 ORDER FAIL IDOL-USDT SHORT cooling
2026-08-29T13:30:57 ORDER FAIL SKY-USDT SHORT cooling
2026-08-29T13:30:57 ORDER FAIL SKYAI-USDT SHORT cooling
2026-08-29T13:30:57 ORDER FAIL ARK-USDT SHORT cooling
2026-08-29T13:30:57 ORDER FAIL PENGU-USDT SHORT cooling
2026-08-29T13:30:57 ORDER FAIL FOGO-USDT SHORT cooling
2026-08-29T13:30:57 ORDER FAIL FLUID-USDT SHORT cooling
2026-08-29T13:30:57 ORDER FAIL CLANKER-USDT SHORT cooling
2026-08-29T13:30:57 ORDER FAIL APT-USDT SHORT cooling
2026-08-29T13:30:57 ORDER FAIL OPN-USDT SHORT cooling
2026-08-29T13:30:57 ORDER FAIL HBAR-USDT SHORT cooling
2026-08-29T13:30:57 ORDER FAIL G-USDT SHORT cooling
2026-08-29T13:30:57 ORDER FAIL RE-USDT SHORT cooling
2026-08-29T13:30:57 ORDER FAIL GWEI-USDT SHORT cooling
2026-08-29T13:30:57 ORDER FAIL MIRANETWORK-USDT SHORT cooling
2026-08-29T13:30:57 ORDER FAIL HEMI-USDT SHORT cooling
2026-08-29T13:30:57 ORDER FAIL UNI-USDT SHORT cooling
2026-08-29T13:30:57 ORDER FAIL PARTI-USDT SHORT cooling
2026-08-29T13:30:57 ORDER FAIL FOLKS-USDT SHORT cooling
2026-08-29T13:30:57 ORDER FAIL ZAMA-USDT SHORT cooling
2026-08-29T13:30:57 ORDER FAIL ACT-USDT SHORT cooling
2026-08-29T13:30:57 ORDER FAIL BEAT-USDT SHORT cooling
2026-08-29T13:30:57 ORDER FAIL TAC-USDT LONG cooling
2026-08-29T13:30:57 ORDER FAIL PROM-USDT LONG cooling
2026-08-29T13:30:57 ORDER FAIL CATE-USDT LONG cooling
2026-08-29T13:30:57 ORDER FAIL CASHCAT-USDT LONG cooling
2026-08-29T13:30:57 ORDER FAIL SIREN-USDT LONG cooling
2026-08-29T13:30:57 ORDER FAIL BROCCOLI-USDT LONG cooling
2026-08-29T13:30:57 ORDER FAIL OPG-USDT LONG cooling
2026-08-29T13:30:57 ORDER FAIL STBL-USDT LONG cooling
2026-08-29T13:30:57 ORDER FAIL USELESS-USDT LONG cooling
2026-08-29T13:30:57 ORDER FAIL CUPSEY-USDT LONG cooling
2026-08-29T13:30:57 ORDER FAIL XAN-USDT LONG cooling
2026-08-29T13:30:57 ORDER FAIL COOKIE-USDT LONG cooling
2026-08-29T13:30:57 ORDER FAIL FLUX-USDT LONG cooling
2026-08-29T13:30:57 ORDER FAIL ZKP-USDT LONG cooling
2026-08-29T13:30:57 ORDER FAIL CHILLGUY-USDT LONG cooling
2026-08-29T13:30:57 ORDER FAIL GIGGLE-USDT LONG cooling
2026-08-29T13:30:57 ORDER FAIL SPK-USDT LONG cooling
2026-08-29T13:30:57 ORDER FAIL BITLIGHT-USDT LONG cooling
2026-08-29T13:30:57 ORDER FAIL TWT-USDT LONG cooling
2026-08-29T13:30:57 ORDER FAIL BANANAS31-USDT LONG cooling
2026-08-29T13:30:57 ORDER FAIL ZEC-USDT LONG cooling
2026-08-29T13:30:57 ORDER FAIL MINA-USDT LONG cooling
2026-08-29T13:30:57 ORDER FAIL GMX-USDT LONG cooling
2026-08-29T13:30:57 ORDER FAIL EDU-USDT LONG cooling
2026-08-29T13:30:57 ORDER FAIL EIGEN-USDT LONG cooling
2026-08-29T13:30:57 ORDER FAIL MMT-USDT LONG cooling
2026-08-29T13:30:57 ORDER FAIL HOME-USDT LONG cooling
2026-08-29T13:30:57 ORDER FAIL BIO-USDT LONG cooling
2026-08-29T13:30:57 ORDER FAIL ROBO-USDT LONG cooling
2026-08-29T13:30:57 ORDER FAIL ALLO-USDT LONG cooling
2026-08-29T13:30:57 ORDER FAIL BANK-USDT LONG cooling
2026-08-29T13:30:57 ORDER FAIL PNUT-USDT LONG cooling
2026-08-29T13:30:57 ORDER FAIL XPL-USDT LONG cooling
2026-08-29T13:30:57 ORDER FAIL ONG-USDT LONG cooling
2026-08-29T13:30:57 ORDER FAIL FARTCOIN-USDT LONG cooling
2026-08-29T13:30:57 ORDER FAIL CAP-USDT LONG cooling
2026-08-29T13:30:57 ORDER FAIL CRO-USDT LONG cooling
2026-08-29T13:30:57 ORDER FAIL SPACECOIN-USDT LONG cooling
2026-08-29T13:30:57 ORDER FAIL PI-USDT LONG cooling
2026-08-29T13:30:57 ORDER FAIL KAITO-USDT LONG cooling
2026-08-29T13:30:57 ORDER FAIL MASK-USDT LONG cooling
2026-08-29T13:30:57 ORDER FAIL NIL-USDT LONG cooling
2026-08-29T13:30:57 ORDER FAIL ON-USDT LONG cooling
2026-08-29T13:30:57 ORDER FAIL IRYS-USDT LONG cooling
2026-08-29T13:30:57 ORDER FAIL DOLO-USDT LONG cooling
2026-08-29T13:30:57 ORDER FAIL ATH-USDT LONG cooling
2026-08-29T13:30:57 ORDER FAIL CORE-USDT LONG cooling
2026-08-29T13:30:57 ORDER FAIL VIRTUAL-USDT LONG cooling
2026-08-29T13:30:57 ORDER FAIL CFG-USDT LONG cooling
2026-08-29T13:30:57 ORDER FAIL SLX-USDT LONG cooling
2026-08-29T13:30:57 ORDER FAIL CARV-USDT LONG cooling
2026-08-29T13:30:57 ORDER FAIL RUNE-USDT LONG cooling
2026-08-29T13:30:57 ORDER FAIL WOTAMALAILE-USDT LONG cooling
2026-08-29T13:30:57 ORDER FAIL WAVES-USDT LONG cooling
2026-08-29T13:30:57 ORDER FAIL BSB-USDT LONG cooling
2026-08-29T13:30:57 ORDER FAIL VELVET-USDT LONG cooling
2026-08-29T13:30:57 ORDER FAIL ONE-USDT LONG cooling
2026-08-29T13:30:57 ORDER FAIL AIOT-USDT LONG cooling
2026-08-29T13:30:57 ORDER FAIL AIXBT-USDT LONG cooling
2026-08-29T13:30:57 ORDER FAIL ARIA-USDT LONG cooling
2026-08-29T13:30:57 ORDER FAIL KGEN-USDT LONG cooling
2026-08-29T13:30:57 ORDER FAIL CYS-USDT LONG cooling
2026-08-29T13:30:57 ORDER FAIL ENS-USDT LONG cooling
2026-08-29T13:30:57 ORDER FAIL VVV-USDT LONG cooling
2026-08-29T13:30:57 ORDER FAIL CC-USDT LONG cooling
2026-08-29T13:30:57 ORDER FAIL ZK-USDT LONG cooling
2026-08-29T13:30:57 ORDER FAIL TURTLE-USDT LONG cooling
2026-08-29T13:30:57 ORDER FAIL AXS-USDT LONG cooling
2026-08-29T13:30:57 ORDER FAIL JIMOTHY-USDT LONG cooling
2026-08-29T13:30:57 ORDER FAIL RATS-USDT LONG cooling
2026-08-29T13:30:57 ORDER FAIL ETHFI-USDT LONG cooling
2026-08-29T13:30:57 ORDER FAIL AGI-USDT LONG cooling
2026-08-29T13:30:57 ORDER FAIL TRUTH-USDT LONG cooling
2026-08-29T13:30:57 ORDER FAIL PUMP-USDT LONG cooling
2026-08-29T13:30:57 ORDER FAIL LA-USDT LONG cooling
2026-08-29T13:30:57 ORDER FAIL POPCAT-USDT LONG cooling
2026-08-29T13:30:57 ORDER FAIL PIPPIN-USDT LONG cooling
2026-08-29T13:30:57 ORDER FAIL OKB-USDT LONG cooling
2026-08-29T13:30:57 ORDER FAIL RIVER-USDT LONG cooling
2026-08-29T13:30:57 ORDER FAIL ARC-USDT LONG cooling
2026-08-29T13:30:57 ORDER FAIL ESPORTS-USDT LONG cooling
2026-08-29T13:30:57 ORDER FAIL GRASS-USDT LONG cooling
2026-08-29T13:30:57 ORDER FAIL GUA-USDT LONG cooling
2026-08-29T13:30:57 ORDER FAIL FET-USDT LONG cooling
2026-08-29T13:30:57 ORDER FAIL TAKE-USDT LONG cooling
2026-08-29T13:30:57 ORDER FAIL HANA-USDT LONG cooling
2026-08-29T13:30:57 ORDER FAIL EUL-USDT LONG cooling
2026-08-29T13:30:57 ORDER FAIL INX-USDT LONG cooling
2026-08-29T13:30:57 ORDER FAIL LDO-USDT LONG cooling
2026-08-29T13:30:57 ORDER FAIL COTI-USDT LONG cooling
2026-08-29T13:30:57 ORDER FAIL OG-USDT LONG cooling
2026-08-29T13:30:57 ORDER FAIL GEOD-USDT LONG cooling
2026-08-29T13:30:57 ORDER FAIL LUNA-USDT LONG cooling
2026-08-29T13:30:57 ORDER FAIL ONT-USDT LONG cooling
2026-08-29T13:30:57 ORDER FAIL XLM-USDT LONG cooling
2026-08-29T13:30:57 ORDER FAIL CATI-USDT LONG cooling
2026-08-29T13:30:57 ORDER FAIL BNLIFE-USDT LONG cooling
2026-08-29T13:30:57 ORDER FAIL O-USDT LONG cooling
2026-08-29T13:30:57 ORDER FAIL AERO-USDT LONG cooling
2026-08-29T13:30:57 ORDER FAIL AGT-USDT LONG cooling
2026-08-29T13:30:57 ORDER FAIL 1INCH-USDT LONG cooling
2026-08-29T13:30:57 ORDER FAIL AKE-USDT LONG cooling
2026-08-29T13:30:57 ORDER FAIL PROMPT-USDT LONG cooling
2026-08-29T13:30:57 ORDER FAIL MANTA-USDT LONG cooling
2026-08-29T13:30:57 ORDER FAIL GUN-USDT LONG cooling
2026-08-29T13:30:57 ORDER FAIL 4-USDT LONG cooling
2026-08-29T13:30:57 ORDER FAIL CZ-USDT LONG cooling
2026-08-29T13:30:57 ORDER FAIL LIGHTER-USDT LONG cooling
2026-08-29T13:30:57 ORDER FAIL HUMA-USDT LONG cooling
2026-08-29T13:30:57 ORDER FAIL AGLD-USDT LONG cooling
2026-08-29T13:30:57 ORDER FAIL 10000NEX-USDT LONG cooling
2026-08-29T13:30:57 ORDER FAIL PLUME-USDT LONG cooling
2026-08-29T13:30:57 ORDER FAIL ICNT-USDT LONG cooling
2026-08-29T13:30:57 ORDER FAIL AIO-USDT LONG cooling
2026-08-29T13:30:57 ORDER FAIL KAVA-USDT LONG cooling
2026-08-29T13:30:57 ORDER FAIL EVAA-USDT LONG cooling
2026-08-29T13:30:57 ORDER FAIL KAIA-USDT LONG cooling
2026-08-29T13:30:57 ORDER FAIL RENDER-USDT LONG cooling
2026-08-29T13:30:57 ORDER FAIL DGAI-USDT LONG cooling
2026-08-29T13:30:57 ORDER FAIL ZEREBRO-USDT LONG cooling
2026-08-29T13:30:57 ORDER FAIL SXT-USDT LONG cooling
2026-08-29T13:30:57 ORDER FAIL STAR-USDT LONG cooling
2026-08-29T13:30:57 ORDER FAIL SENT-USDT LONG cooling
2026-08-29T13:30:57 ORDER FAIL RECALL-USDT LONG cooling
2026-08-29T13:30:57 ORDER FAIL PURR-USDT LONG cooling
2026-08-29T13:30:57 ORDER FAIL NXPC-USDT LONG cooling
2026-08-29T13:30:57 ORDER FAIL MONAD-USDT LONG cooling
2026-08-29T13:30:57 ORDER FAIL KERNEL-USDT LONG cooling
2026-08-29T13:30:57 ORDER FAIL IO-USDT LONG cooling
2026-08-29T13:30:57 ORDER FAIL HYPERLANE-USDT LONG cooling
2026-08-29T13:30:57 ORDER FAIL GRVT-USDT LONG cooling
2026-08-29T13:30:57 ORDER FAIL FOLD-USDT LONG cooling
2026-08-29T13:30:57 ORDER FAIL FLOCK-USDT LONG cooling
2026-08-29T13:30:57 ORDER FAIL FF-USDT LONG cooling
2026-08-29T13:30:57 ORDER FAIL B-USDT LONG cooling
2026-08-29T13:30:57 ORDER FAIL AT-USDT LONG cooling
2026-08-29T13:30:57 ORDER FAIL 1000SHIB-USDT LONG cooling
2026-08-29T13:30:57 ORDER FAIL ARB-USDT LONG cooling
2026-08-29T13:30:57 ORDER FAIL MUBARAK-USDT LONG cooling
2026-08-29T13:30:57 ORDER FAIL GRAMTON-USDT LONG cooling
2026-08-29T13:30:57 ORDER FAIL AWE-USDT LONG cooling
2026-08-29T13:30:57 ORDER FAIL TST-USDT LONG cooling
2026-08-29T13:30:57 ORDER FAIL MERL-USDT LONG cooling
2026-08-29T13:30:57 ORDER FAIL 1000CHEEMS-USDT LONG cooling
2026-08-29T13:30:57 ORDER FAIL F-USDT LONG cooling
2026-08-29T13:30:57 ORDER FAIL BLESS-USDT LONG cooling
2026-08-29T13:30:57 ORDER FAIL JTO-USDT LONG cooling
2026-08-29T13:30:57 ORDER FAIL VELODROME-USDT LONG cooling
2026-08-29T13:30:57 ORDER FAIL NIGHT-USDT LONG cooling
2026-08-29T13:30:57 ORDER FAIL SPORTFUN-USDT LONG cooling
2026-08-29T13:30:57 DCA FAIL GOAT-USDT #1 cooling
2026-08-29T13:30:57 DCA FAIL PONS-USDT #1 cooling
2026-08-29T13:30:57 DCA FAIL SEI-USDT #1 cooling
2026-08-29T13:30:58 CTRL sec-sl US-USDT SHORT STOP_MARKET sec=1 closePos=True qty=100.9 @0.020014 oid=2093662691528368128
2026-08-29T13:30:59 CTRL sec-tp US-USDT SHORT TAKE_PROFIT_MARKET sec=1 closePos=True qty=100.9 @0.019359 oid=2093662692623081472
2026-08-29T13:30:59 OPEN US-USDT SHORT qty=100.9 px=0.019835 sl=0.020014 tp=0.019359 sl_oid=2093662691528368128 tp_oid=2093662692623081472
2026-08-29T13:30:59 CTRL cap KII-USDT cooldown 60s
2026-08-29T13:30:59 CTRL FAIL sec-sl KII-USDT SHORT The number of your TP/SL orders has exceeded the limit. px=0.0497 mark=0.0481 last=0.0481
2026-08-29T13:30:59 OPEN scratch no-ctrl KII-USDT
2026-08-29T13:31:00 CLOSE KII-USDT SHORT pnl=-0.0113 (-0.416%) no-ctrl hold=1s skip-eval
2026-08-29T13:31:00 DCA ADD GOAT-USDT LONG n=1 +1216.81 avg=0.015422 adv=0.58%
2026-08-29T13:31:00 SKIP foreign BTR-USDT SHORT q=28.98
2026-08-29T13:31:00 SKIP foreign CHIP-USDT SHORT q=123.6
2026-08-29T13:31:00 SKIP foreign MAGMA-USDT SHORT q=19.51
2026-08-29T13:31:00 SKIP foreign ANSEM-USDT SHORT q=24.36
2026-08-29T13:31:00 SKIP foreign COAI-USDT LONG q=6.54
2026-08-29T13:31:00 SKIP foreign TOAD-USDT SHORT q=263.9
2026-08-29T13:31:01 DCA ADD PONS-USDT LONG n=1 +15.6 avg=0.195349 adv=0.57%
2026-08-29T13:31:02 DCA ADD SEI-USDT LONG n=1 +66.0 avg=0.045990 adv=0.52%
2026-08-29T13:31:14 SKIP foreign XRP-USDT LONG q=4.0
2026-08-29T13:31:14 SKIP foreign ROSE-USDT SHORT q=340.0
2026-08-29T13:31:14 SKIP foreign MAGMA-USDT LONG q=48.7
2026-08-29T13:31:14 SKIP foreign ONG-USDT LONG q=39.91
2026-08-29T13:31:14 SKIP foreign BTC-USDT LONG q=0.0109
2026-08-29T13:31:14 SKIP foreign BB-USDT SHORT q=219.54
2026-08-29T13:31:14 SKIP foreign FONE-USDT SHORT q=810.8
2026-08-29T13:31:34 DROP stale local PONS-USDT
2026-08-29T13:31:36 SKIP foreign DEBIT-USDT LONG q=3.2
2026-08-29T13:31:59 CTRL flatten unprotected GOAT-USDT age=7175s
2026-08-29T13:31:59 TEST FAIL qa-controls missing=1 open=62 cool=0
2026-08-29T13:31:59 TEST FAIL qa-ctrl-overall open=62 overall=0 miss=1
2026-08-29T13:32:00 SKIP foreign GOAT-USDT LONG q=2028.01
2026-08-29T13:32:01 COORD soft last 15 PF 0.29<1.10 (1.00=neutral 1.10=+1×cost); prev PF 0.42<0.94 (cost-scale) intern={'indications': True, 'general': True}
2026-08-29T13:32:02 CTRL sec-sl REDSTONE-USDT SHORT STOP_MARKET sec=1 closePos=True qty=17.99 @0.1128 oid=2093662959053660160
2026-08-29T13:32:02 CTRL sec-tp REDSTONE-USDT SHORT TAKE_PROFIT_MARKET sec=1 closePos=True qty=17.99 @0.1086 oid=2093662960169345024
2026-08-29T13:32:02 OPEN REDSTONE-USDT SHORT qty=17.99 px=0.1113 sl=0.1128 tp=0.1086 sl_oid=2093662959053660160 tp_oid=2093662960169345024
2026-08-29T13:32:03 CTRL cap ALIGN-USDT cooldown 60s
2026-08-29T13:32:03 CTRL FAIL sec-sl ALIGN-USDT SHORT The number of your TP/SL orders has exceeded the limit. px=0.01131 mark=0.0109 last=0.01115
2026-08-29T13:32:03 OPEN scratch no-ctrl ALIGN-USDT
2026-08-29T13:32:03 CLOSE ALIGN-USDT SHORT pnl=-0.0049 (-0.090%) no-ctrl hold=1s skip-eval
2026-08-29T13:32:04 SKIP foreign BTR-USDT SHORT q=28.98
2026-08-29T13:32:04 SKIP foreign CHIP-USDT SHORT q=123.6
2026-08-29T13:32:04 SKIP foreign MAGMA-USDT SHORT q=19.51
2026-08-29T13:32:04 SKIP foreign ANSEM-USDT SHORT q=24.36
2026-08-29T13:32:04 SKIP foreign COAI-USDT LONG q=6.54
2026-08-29T13:32:04 SKIP foreign TOAD-USDT SHORT q=263.9
2026-08-29T13:32:14 SKIP foreign XRP-USDT LONG q=4.0
2026-08-29T13:32:14 SKIP foreign ROSE-USDT SHORT q=340.0
2026-08-29T13:32:14 SKIP foreign MAGMA-USDT LONG q=48.7
2026-08-29T13:32:14 SKIP foreign ONG-USDT LONG q=39.91
2026-08-29T13:32:14 SKIP foreign BTC-USDT LONG q=0.0109
2026-08-29T13:32:14 SKIP foreign BB-USDT SHORT q=219.54
2026-08-29T13:32:14 SKIP foreign FONE-USDT SHORT q=810.8
2026-08-29T13:32:36 SKIP foreign DEBIT-USDT LONG q=3.2
2026-08-29T13:33:01 SKIP foreign GOAT-USDT LONG q=2028.01
2026-08-29T13:33:03 COORD soft last 15 PF 0.29<1.10 (1.00=neutral 1.10=+1×cost); prev PF 0.42<0.94 (cost-scale) intern={'indications': True, 'general': True}
2026-08-29T13:33:04 CTRL cap PURR-USDT cooldown 60s
2026-08-29T13:33:04 CTRL FAIL sec-sl PURR-USDT SHORT The number of your TP/SL orders has exceeded the limit. px=0.1133 mark=0.1117 last=0.1117
2026-08-29T13:33:04 OPEN scratch no-ctrl PURR-USDT
2026-08-29T13:33:04 CLOSE PURR-USDT SHORT pnl=-0.0102 (-0.359%) no-ctrl hold=1s skip-eval
2026-08-29T13:33:04 ENTRY none n=453 skip=453 intern={'indications': True, 'general': True} cap=80 open=63
2026-08-29T13:33:05 SKIP foreign BTR-USDT SHORT q=28.98
2026-08-29T13:33:05 SKIP foreign CHIP-USDT SHORT q=123.6
2026-08-29T13:33:05 SKIP foreign MAGMA-USDT SHORT q=19.51
2026-08-29T13:33:05 SKIP foreign ANSEM-USDT SHORT q=24.36
2026-08-29T13:33:05 SKIP foreign COAI-USDT LONG q=6.54
2026-08-29T13:33:05 SKIP foreign TOAD-USDT SHORT q=263.9
2026-08-29T13:33:14 SKIP foreign XRP-USDT LONG q=4.0
2026-08-29T13:33:14 SKIP foreign ROSE-USDT SHORT q=340.0
2026-08-29T13:33:14 SKIP foreign MAGMA-USDT LONG q=48.7
2026-08-29T13:33:14 SKIP foreign ONG-USDT LONG q=39.91
2026-08-29T13:33:14 SKIP foreign BTC-USDT LONG q=0.0109
2026-08-29T13:33:14 SKIP foreign BB-USDT SHORT q=219.54
2026-08-29T13:33:14 SKIP foreign FONE-USDT SHORT q=810.8
2026-08-29T13:33:17 CFG reload n=531 notional=2.15 lev=150 block=True/12x1.0 sltp=0.6 trail=0.3:0.1 tf={'1m': True, '5m': True, '15m': True} axes={'prev': 1, 'last': 1, 'cont': 1, 'pause': 1}
2026-08-29T13:33:20 pulse start bingx-x02 https://open-api-vst.bingx.com
2026-08-29T13:33:25 eq=112427.8267 avail=112401.2814 regime=neutral
2026-08-29T13:33:27 SKIP foreign BTR-USDT SHORT q=28.98
2026-08-29T13:33:28 SKIP foreign CHIP-USDT SHORT q=123.6
2026-08-29T13:33:29 SKIP foreign MAGMA-USDT SHORT q=19.51
2026-08-29T13:33:29 SKIP foreign ANSEM-USDT SHORT q=24.36
2026-08-29T13:33:31 SKIP foreign XRP-USDT LONG q=4.0
2026-08-29T13:33:32 SKIP foreign ROSE-USDT SHORT q=340.0
2026-08-29T13:33:33 SKIP foreign MAGMA-USDT LONG q=48.7
2026-08-29T13:33:33 SKIP foreign ONG-USDT LONG q=39.91
2026-08-29T13:33:33 SKIP foreign GOAT-USDT LONG q=2028.01
2026-08-29T13:33:33 SKIP foreign BTC-USDT LONG q=0.0109
2026-08-29T13:33:34 SKIP foreign DEBIT-USDT LONG q=3.2
2026-08-29T13:33:36 SKIP foreign BB-USDT SHORT q=219.54
2026-08-29T13:33:36 SKIP foreign FONE-USDT SHORT q=810.8
2026-08-29T13:33:38 SKIP foreign COAI-USDT LONG q=6.54
2026-08-29T13:33:39 SKIP foreign TOAD-USDT SHORT q=263.9
2026-08-29T13:33:44 TEST FAIL cid-parse {'kind': 'o', 'pack': 'indications', 'sl': 0.6, 'trail': '', 'step': 10, 'idx': 0, 'set_id': 'indications:1m:sl0.6:st10'}
2026-08-29T13:33:44 TEST FAIL cid-idx {'kind': 'o', 'pack': 'indications', 'sl': 0.6, 'trail': '', 'step': 10, 'idx': 0, 'set_id': 'indications:1m:sl0.6:st10'}
2026-08-29T13:33:44 TEST FAIL qa-set-grid n=22 fam={'base': 12, 'trail': 10} trails=['0.3:0.1', '0.6:0.2', '0.9:0.3', '1.2:0.4', '1.5:0.5']
2026-08-29T13:33:44 COORD soft last 15 PF 0.29<1.10 (1.00=neutral 1.10=+1×cost); prev PF 0.42<0.94 (cost-scale) intern={'indications': True, 'general': True}
2026-08-29T13:33:45 CTRL cap 1INCH-USDT cooldown 60s
2026-08-29T13:33:45 CTRL FAIL sec-sl 1INCH-USDT SHORT The number of your TP/SL orders has exceeded the limit. px=0.08767 mark=0.08723 last=0.08723
2026-08-29T13:33:45 OPEN scratch no-ctrl 1INCH-USDT
2026-08-29T13:33:45 ENTRY none n=5 skip=5 intern={'indications': True, 'general': True} cap=70 open=63
2026-08-29T13:33:45 BLOCK FAIL 10000SATS-USDT #1 cooling
2026-08-29T13:33:45 BLOCK FAIL 0G-USDT #2 cooling
2026-08-29T13:33:45 BLOCK FAIL 1000000BABYDOGE-USDT #1 cooling
2026-08-29T13:33:45 DCA FAIL SEI-USDT #1 cooling
2026-08-29T13:33:45 SKIP foreign 1INCH-USDT SHORT q=23.0
2026-08-29T13:34:11 RECOVER GOAT-USDT LONG qty=2028.01 cid=gx02vi030312001oontv
2026-08-29T13:34:11 RECOVER TOAD-USDT SHORT qty=263.9 cid=gx02ui090312014pkffs
2026-08-29T13:34:12 BLOCK ADD DOGE-USDT SHORT n=4 +24.0 base=24.0 add=96.0 tot=120.0 minPF=1.320 DOGE-USDT:short#block:4
2026-08-29T13:34:24 BLOCK ADD ZIL-USDT SHORT n=3 +785.0 base=782.0 add=2349.0 tot=3131.0 minPF=1.240 ZIL-USDT:short#block:3
2026-08-29T13:34:28 SKIP foreign BTR-USDT SHORT q=28.98
2026-08-29T13:34:29 SKIP foreign CHIP-USDT SHORT q=123.6
2026-08-29T13:34:32 SKIP foreign MAGMA-USDT SHORT q=19.51
2026-08-29T13:34:32 SKIP foreign ANSEM-USDT SHORT q=24.36
2026-08-29T13:34:32 SKIP foreign XRP-USDT LONG q=4.0
2026-08-29T13:34:33 SKIP foreign ROSE-USDT SHORT q=340.0
2026-08-29T13:34:33 SKIP foreign MAGMA-USDT LONG q=48.7
2026-08-29T13:34:38 pulse start bingx-x02 https://open-api-vst.bingx.com
2026-08-29T13:34:43 eq=112427.7957 avail=112401.1664 regime=neutral
2026-08-29T13:34:45 SKIP foreign BTR-USDT SHORT q=28.98
2026-08-29T13:34:46 SKIP foreign CHIP-USDT SHORT q=123.6
2026-08-29T13:34:47 SKIP foreign MAGMA-USDT SHORT q=19.51
2026-08-29T13:34:47 SKIP foreign ANSEM-USDT SHORT q=24.36
2026-08-29T13:34:48 SKIP foreign XRP-USDT LONG q=4.0
2026-08-29T13:34:50 SKIP foreign ROSE-USDT SHORT q=340.0
2026-08-29T13:34:51 SKIP foreign MAGMA-USDT LONG q=48.7
2026-08-29T13:34:51 SKIP foreign ONG-USDT LONG q=39.91
2026-08-29T13:34:51 SKIP foreign BTC-USDT LONG q=0.0109
2026-08-29T13:34:51 SKIP foreign DEBIT-USDT LONG q=3.2
2026-08-29T13:34:53 SKIP foreign BB-USDT SHORT q=219.54
2026-08-29T13:34:53 SKIP foreign FONE-USDT SHORT q=810.8
2026-08-29T13:34:55 SKIP foreign COAI-USDT LONG q=6.54
2026-08-29T13:34:59 SKIP foreign 1INCH-USDT SHORT q=23.0
2026-08-29T13:34:59 CTRL cap DOGE-USDT cooldown 60s
2026-08-29T13:34:59 CTRL FAIL sec-sl DOGE-USDT SHORT The number of your TP/SL orders has exceeded the limit. px=0.08506 mark=0.08464 last=0.08464
2026-08-29T13:35:01 TEST FAIL controls-on-open missing=4 open=65
2026-08-29T13:35:03 TEST FAIL cid-parse {'kind': 'o', 'pack': 'indications', 'sl': 0.6, 'trail': '', 'step': 10, 'idx': 0, 'set_id': 'indications:1m:sl0.6:st10'}
2026-08-29T13:35:03 TEST FAIL cid-idx {'kind': 'o', 'pack': 'indications', 'sl': 0.6, 'trail': '', 'step': 10, 'idx': 0, 'set_id': 'indications:1m:sl0.6:st10'}
2026-08-29T13:35:03 TEST FAIL qa-set-grid n=22 fam={'base': 12, 'trail': 10} trails=['0.3:0.1', '0.6:0.2', '0.9:0.3', '1.2:0.4', '1.5:0.5']
2026-08-29T13:35:04 BLOCK ADD 10000SATS-USDT LONG n=1 +17889.0 base=17873.0 add=17889.0 tot=35762.0 minPF=1.080 10000SATS-USDT:long#block:active:1
2026-08-29T13:35:04 DCA ADD SEI-USDT LONG n=1 +165.0 avg=0.045996 adv=0.50%
2026-08-29T13:35:16 BLOCK ADD BABY-USDT SHORT n=2 +163.0 base=161.6 add=325.9 tot=487.5 minPF=1.160 BABY-USDT:short#block:2
2026-08-29T13:35:31 BLOCK ADD ACE-USDT SHORT n=2 +10.3381 base=10.3381 add=20.6762 tot=31.014300000000002 minPF=1.160 ACE-USDT:short#block:2
2026-08-29T13:35:46 BLOCK ADD PYTH-USDT SHORT n=3 +43.0 base=43.0 add=129.0 tot=172.0 minPF=1.240 PYTH-USDT:short#block:3
2026-08-29T13:35:46 SKIP foreign BTR-USDT SHORT q=28.98
2026-08-29T13:35:46 SKIP foreign CHIP-USDT SHORT q=123.6
2026-08-29T13:35:47 SKIP foreign MAGMA-USDT SHORT q=19.51
2026-08-29T13:35:47 SKIP foreign ANSEM-USDT SHORT q=24.36
2026-08-29T13:35:49 SKIP foreign XRP-USDT LONG q=4.0
2026-08-29T13:35:52 SKIP foreign ROSE-USDT SHORT q=340.0
2026-08-29T13:35:52 SKIP foreign MAGMA-USDT LONG q=48.7
2026-08-29T13:35:52 SKIP foreign ONG-USDT LONG q=39.91
2026-08-29T13:35:52 SKIP foreign BTC-USDT LONG q=0.0109
2026-08-29T13:35:52 SKIP foreign DEBIT-USDT LONG q=3.2
2026-08-29T13:35:53 SKIP foreign BB-USDT SHORT q=219.54
2026-08-29T13:35:54 SKIP foreign FONE-USDT SHORT q=810.8
2026-08-29T13:35:55 SKIP foreign COAI-USDT LONG q=6.54
2026-08-29T13:35:58 BLOCK ADD BRETT-USDT SHORT n=1 +404.45 base=404.45 add=404.45 tot=808.9 minPF=1.080 BRETT-USDT:short#block:active:1
2026-08-29T13:35:59 SKIP foreign 1INCH-USDT SHORT q=23.0
2026-08-29T13:35:59 CTRL flatten unprotected DOGE-USDT age=19010s
2026-08-29T13:36:00 CLOSE DOGE-USDT SHORT pnl=-0.0272 (-0.118%) no-ctrl hold=19010s skip-eval
2026-08-29T13:36:09 CTRL sec-tp TOAD-USDT SHORT TAKE_PROFIT_MARKET sec=1 closePos=True qty=263.9 @0.00844 oid=2093663995642339328
2026-08-29T13:36:44 CTRL sec-tp UB-USDT SHORT TAKE_PROFIT_MARKET sec=1 closePos=True qty=29.5 @0.13214 oid=2093664143382503424
2026-08-29T13:36:46 SKIP foreign BTR-USDT SHORT q=28.98
2026-08-29T13:36:46 SKIP foreign CHIP-USDT SHORT q=123.6
2026-08-29T13:36:47 SKIP foreign MAGMA-USDT SHORT q=19.51
2026-08-29T13:36:47 SKIP foreign ANSEM-USDT SHORT q=24.36
2026-08-29T13:36:51 SKIP foreign XRP-USDT LONG q=4.0
2026-08-29T13:36:52 SKIP foreign ROSE-USDT SHORT q=340.0
2026-08-29T13:36:52 SKIP foreign MAGMA-USDT LONG q=48.7
2026-08-29T13:36:52 SKIP foreign ONG-USDT LONG q=39.91
2026-08-29T13:36:52 SKIP foreign BTC-USDT LONG q=0.0109
2026-08-29T13:36:52 SKIP foreign DEBIT-USDT LONG q=3.2
2026-08-29T13:36:53 SKIP foreign BB-USDT SHORT q=219.54
2026-08-29T13:36:54 SKIP foreign FONE-USDT SHORT q=810.8
2026-08-29T13:36:57 SKIP foreign COAI-USDT LONG q=6.54
2026-08-29T13:36:59 SKIP foreign 1INCH-USDT SHORT q=23.0
2026-08-29T13:37:50 SKIP foreign BTR-USDT SHORT q=28.98
2026-08-29T13:37:50 SKIP foreign CHIP-USDT SHORT q=123.6
2026-08-29T13:37:50 SKIP foreign MAGMA-USDT SHORT q=19.51
2026-08-29T13:37:50 SKIP foreign ANSEM-USDT SHORT q=24.36
2026-08-29T13:37:51 SKIP foreign XRP-USDT LONG q=4.0
2026-08-29T13:37:53 SKIP foreign ROSE-USDT SHORT q=340.0
2026-08-29T13:37:53 SKIP foreign MAGMA-USDT LONG q=48.7
2026-08-29T13:37:53 SKIP foreign ONG-USDT LONG q=39.91
2026-08-29T13:37:53 SKIP foreign BTC-USDT LONG q=0.0109
2026-08-29T13:37:53 SKIP foreign DEBIT-USDT LONG q=3.2
2026-08-29T13:37:56 SKIP foreign BB-USDT SHORT q=219.54
2026-08-29T13:37:56 SKIP foreign FONE-USDT SHORT q=810.8
2026-08-29T13:37:57 SKIP foreign COAI-USDT LONG q=6.54
2026-08-29T13:38:00 SKIP foreign 1INCH-USDT SHORT q=23.0
2026-08-29T13:38:50 SKIP foreign BTR-USDT SHORT q=28.98
2026-08-29T13:38:50 SKIP foreign CHIP-USDT SHORT q=123.6
2026-08-29T13:38:50 SKIP foreign MAGMA-USDT SHORT q=19.51
2026-08-29T13:38:50 SKIP foreign ANSEM-USDT SHORT q=24.36
2026-08-29T13:38:52 SKIP foreign XRP-USDT LONG q=4.0
2026-08-29T13:38:53 SKIP foreign ROSE-USDT SHORT q=340.0
2026-08-29T13:38:53 SKIP foreign MAGMA-USDT LONG q=48.7
2026-08-29T13:38:53 SKIP foreign ONG-USDT LONG q=39.91
2026-08-29T13:38:53 SKIP foreign BTC-USDT LONG q=0.0109
2026-08-29T13:38:53 SKIP foreign DEBIT-USDT LONG q=3.2
2026-08-29T13:38:56 SKIP foreign BB-USDT SHORT q=219.54
2026-08-29T13:38:56 SKIP foreign FONE-USDT SHORT q=810.8
2026-08-29T13:38:57 SKIP foreign COAI-USDT LONG q=6.54
2026-08-29T13:39:01 SKIP foreign 1INCH-USDT SHORT q=23.0
2026-08-29T13:39:50 SKIP foreign BTR-USDT SHORT q=28.98
2026-08-29T13:39:50 SKIP foreign CHIP-USDT SHORT q=123.6
2026-08-29T13:39:50 SKIP foreign MAGMA-USDT SHORT q=19.51
2026-08-29T13:39:50 SKIP foreign ANSEM-USDT SHORT q=24.36
2026-08-29T13:39:53 SKIP foreign XRP-USDT LONG q=4.0
2026-08-29T13:39:54 SKIP foreign ROSE-USDT SHORT q=340.0
2026-08-29T13:39:54 SKIP foreign MAGMA-USDT LONG q=48.7
2026-08-29T13:39:54 SKIP foreign ONG-USDT LONG q=39.91
2026-08-29T13:39:54 SKIP foreign BTC-USDT LONG q=0.0109
2026-08-29T13:39:54 SKIP foreign DEBIT-USDT LONG q=3.2
2026-08-29T13:39:57 SKIP foreign BB-USDT SHORT q=219.54
2026-08-29T13:39:57 SKIP foreign FONE-USDT SHORT q=810.8
2026-08-29T13:39:58 SKIP foreign COAI-USDT LONG q=6.54
2026-08-29T13:40:01 SKIP foreign 1INCH-USDT SHORT q=23.0
2026-08-29T13:40:30 DROP stale local JCT-USDT
2026-08-29T13:40:51 SKIP foreign BTR-USDT SHORT q=28.98
2026-08-29T13:40:51 SKIP foreign CHIP-USDT SHORT q=123.6
2026-08-29T13:40:51 SKIP foreign MAGMA-USDT SHORT q=19.51
2026-08-29T13:40:51 SKIP foreign ANSEM-USDT SHORT q=24.36
2026-08-29T13:40:53 SKIP foreign XRP-USDT LONG q=4.0
2026-08-29T13:40:53 DROP stale local GOAT-USDT
2026-08-29T13:40:54 SKIP foreign ROSE-USDT SHORT q=340.0
2026-08-29T13:40:54 SKIP foreign MAGMA-USDT LONG q=48.7
2026-08-29T13:40:54 SKIP foreign ONG-USDT LONG q=39.91
2026-08-29T13:40:54 SKIP foreign BTC-USDT LONG q=0.0109
2026-08-29T13:40:54 SKIP foreign DEBIT-USDT LONG q=3.2
2026-08-29T13:40:57 SKIP foreign BB-USDT SHORT q=219.54
2026-08-29T13:40:57 SKIP foreign FONE-USDT SHORT q=810.8
2026-08-29T13:41:00 SKIP foreign COAI-USDT LONG q=6.54
2026-08-29T13:41:01 SKIP foreign 1INCH-USDT SHORT q=23.0
2026-08-29T13:41:18 DROP stale local TOAD-USDT
2026-08-29T13:41:51 SKIP foreign BTR-USDT SHORT q=28.98
2026-08-29T13:41:51 SKIP foreign CHIP-USDT SHORT q=123.6
2026-08-29T13:41:51 SKIP foreign MAGMA-USDT SHORT q=19.51
2026-08-29T13:41:51 SKIP foreign ANSEM-USDT SHORT q=24.36
2026-08-29T13:41:53 SKIP foreign XRP-USDT LONG q=4.0
2026-08-29T13:41:55 SKIP foreign ROSE-USDT SHORT q=340.0
2026-08-29T13:41:55 SKIP foreign MAGMA-USDT LONG q=48.7
2026-08-29T13:41:55 SKIP foreign ONG-USDT LONG q=39.91
2026-08-29T13:41:55 SKIP foreign BTC-USDT LONG q=0.0109
2026-08-29T13:41:55 SKIP foreign DEBIT-USDT LONG q=3.2
2026-08-29T13:41:57 SKIP foreign BB-USDT SHORT q=219.54
2026-08-29T13:41:57 SKIP foreign FONE-USDT SHORT q=810.8
2026-08-29T13:42:00 SKIP foreign COAI-USDT LONG q=6.54
2026-08-29T13:42:01 SKIP foreign 1INCH-USDT SHORT q=23.0
2026-08-29T13:42:03 CTRL sec-sl LUNC-USDT LONG STOP_MARKET sec=1 closePos=True qty=38191.0 @5.189e-05 oid=2093665478211362816
2026-08-29T13:42:24 CFG reload n=531 notional=2.15 lev=150 block=True/12x1.0 sltp=0.6 trail=0.3:0.1 tf={'1m': True, '5m': True, '15m': True} axes={'prev': 1, 'last': 1, 'cont': 1, 'pause': 1}
